Hospital Name,Address,Contact No.
"HOLYLIFE HOSPITAL (FORMERLY UBF HEALTHCARE, INC.)","Lot 2 B-4 Pres. Quezon St., Lifehomes Subd., Rosario, Pasig City",382-5943; 7483501
ST. CAMILLUS MEDICAL CENTER,"116 E. Amang Rodriguez Ave., Pasig City",ER 682-0748 ; 645-3741 to 42 (trunkline)
"LA UNION MEDICAL DIAGNOSTIC CENTER & HOSPITAL,INC.","Ancheta St. corner Bucaneg St., San Fernando City, La Union",(072) 607.8339
M. V. SANTIAGO MEDICAL CENTER - (FCIE BRANCH)(FORMERLY M.V. SANTIAGO MEDICAL CENTER MULTI-SPECIALTY CLINIC),"Brgy., Langkaan, Dasmariï¿½as Cavite",(046) 402-1302 ; 09179044323
ALABANG MEDICAL CENTER,"Alabang-Zapote Road, Ayala Alabang Village, Muntinlupa City",(02) 807-8189 ; 775.0511 (trunkline)
ASIAN HOSPITAL AND MEDICAL CENTER,2205 CIVIC DRIVE ALABANG MUNTILUPA CITY,(02) 771-9000 to 02
CAPITOL MEDICAL CENTER,"QUEZON AVENUE, CORNER SCOUT MAGBANAU ST. QUEZON CITY",0999-991-1589 (02) 372-3825
CARDINAL SANTOS MEDICAL CENTER,"Wilson Street, Greenhills West, San Juan, Metro Manila",(02) 727-0001
CHINESE GENERAL HOSPITAL,"286 BLUMENTRIT ST. STA CRUZ, MANILA",(02) 711-4141 loc 645
ABELLA MIDWAY HOSPITAL,"4007 T.Valerio St.,Poblacion, Valencia City, Bukidnon",09552989702(088) 828-3533;
ACE MEDICAL CENTER SARIAYA INC.,National Hi-way Brgy. Gibanga Sariaya Quezon,9173098870
ACEBEDO GENERAL HOSPITAL,"849 General Luis St., Bagbaguin Caloocan City",983-5363; 736-3963
ADVENTIST HOSPITAL - CEBU,"400 Tres De Abril St., San Nicolas, Cebu City",(032) 261-2100
"ADVENTIST HOSPITAL - DAVAO, INC. (FORMERLY DAVAO ADVENTIST HOSPITAL)","Km. 7 Mc Arthur Highway, Bangkal, Davao City  8023",082-297.2597
"ADVENTIST HOSPITAL - PALAWAN, INC. (FORMERLY PALAWAN ADVENTIST GENERAL HOSPITAL)","Junction II, San Pedro, Puerto Princesa, Palawan",(048) 433-1247; 433-5567 (Nurse Station); 433-2156
"ADVENTIST HOSPITAL - SANTIAGO CITY, INC. (FORMERLY CAGAYAN VALLEY SANITARIUM/ADVENTIST HOSPITAL, INC.)","National Highway, Purok-5, Mabini, Santiago City, Isabela",(078) 305.0130 ; (078) 324.7259;09394206802
"ADVENTIST HOSPITAL-CALBAYOG, INC.","730 km. Daang Maharlika, San Policarpo, Calbayog City",(055) 209-1323; 533-9744
"ADVENTIST MEDICAL CENTER - BACOLOD, INC. (FORMERLY BACOLOD ADVENTIST MEDICAL CENTER)","C. V. Ramos Avenue, Taculing, Bacolod City",(034) 488-7777/ LOC 388 ADMIT 09950742738
ADVENTIST MEDICAL CENTER AND COLLEGE MANILA INC. (FORMERLY MANILA ADVENTIST MEDICAL CENTER),"1975 DONADA STREET, PASAY CITY",(02) 525-9191 ER LOC. 151
"ADVENTIST MEDICAL CENTER-VALENCIA CITY, INC","A AGUILAR ST. POBLACION, VALENCIA CITY BUKIDNON",0917-711-2680
AGO GENERAL HOSPITAL,"Rizal St., Legazpi City, Albay",09566712781/ (052)481-1849; 820-1471 (ER)
"AISAH MEDICAL HOSPITAL, OPC","W. Pulmones Street, Brgy. San Pedro Pagadian City Zamboanga Del Sur",9124326131
AKLAN COOPERATIVE MISSION HOSPITAL,"Roxas Avenue, Extension Andagao Kalibo, Aklan",(036) 268-3855 TO 56 ; (036) 262-3925
ALABANG MEDICAL CENTER,"Alabang-Zapote Road, Ayala Alabang Village, Muntinlupa City",(02) 807-8189 ; 775.0511 (trunkline)
"ALABANG MEDICAL CLINIC (CLINIC SYSTEMS, INC.)- MAIN CSI","297 T. Montillano St. Alabang, Muntinlupa City",850-1389; 842-1723; 842-0315 ; 842-1639 ; 842-5963 ; 842-0680
"ALABANG MEDICAL CLINIC (CLINIC SYSTEMS, INC.)- MUNTINLUPA BRANCH","#1 National Rd. Putatan, Muntinlupa",8611779; 8611135
"ALABANG MEDICAL CLINIC (CLINIC SYSTEMS, INC.)- TALON BRANCH","Alabang Zapote Rd., cor Mendoza Street, Talon, Las Piñas",873-6464 ; 874-2506
ALBAY DOCTORS HOSPITAL INC.,"Peñaranda Street, Legaspi City,Albay",(052)480-7838; 480-8747; 480-6747
"ALLAH VALLEY MEDICAL SPECIALISTS CENTER, INC.","General Santos drive, Purok Villegas, Korondal City, South Cotabato",(083) 228-3550
"ALLEGIANT REGIONAL CARE HOSPITALS, INC.","SITIO MALINAO, BARANGAY AGUS, LAPU LAPU CITY, CEBU",09688962604 / (032)493 4282
"ALLIED CARE EXPERTS (ACE) MEDICAL CENTER-BAYPOINTE, INC.(FORMERLY UNIHEALTH-BAYPOINTE HOSPITAL AND MEDICAL CENTER)","Blk. 8 Lot 1A and 1B Dewey Avenue, Subic Bay Freeport Zone, Olongapo City",(047) 250.6070 loc. 100 (info); loc. 101 (admitting); loc. 503 (Bus. Office); loc. 107 (Mrktng)
ALLIED CARE EXPERTS (ACE)DUMAGUETE DOCTORS INC.,"F. CIMAFRANCA ST. DARO, DUMAGUETE CITY, NEGROS ORIENTAL",(032) 532 5957 LOC. 812 & 716 / 09682417865
ALLIED CARE EXPERTS (ACE)MALOLOS DOCTORS INC,CAPITOL VIEW PARK SUBD. BULIHAN CITY OF MALOLOS,(044) 816-7698
ALLIED CARE EXPERTS (ACE)MEDICAL CENTER - BALIWAG,"Lot 2975 C-1 DRT Highway, Pinagbarilan, Baliuag, Bulacan",(044) 816-1000; (02)584-4665; 584-4129; 584-4736 / 0915-7257921
"ALLIED CARE EXPERTS (ACE)MEDICAL CENTER - CAGAYAN DE ORO, INC.","PIMENTEL STREET, STA. CRUZ, LAPASAN, CAGAYAN DE ORO CITY",0917 872 7009
ALLIED CARE EXPERTS (ACE)MEDICAL CENTER - LEGAZPI INC.,Daraga Legazpi Diversion Road Brgy. Bogtong Legazpi City Albay,(+63) 975-372-9932
ALLIED CARE EXPERTS (ACE)MEDICAL CENTER - MANDALUYONG,145 Haig St. Brgy. Daangbakal Mandaluyong City,02 5322-0400 ; 09171408359
ALLIED CARE EXPERTS (ACE)MEDICAL CENTER - PALAWAN,Purok Kapatiran South National Highway San Pedro Puerto Princesa City Palawan,048 717 0019
ALLIED CARE EXPERTS (ACE)MEDICAL CENTER - PANGASINAN,"23 De Venecia Rd Mallied District Dagupan City, Pangasinan","09171240369 , 09171240301"
ALLIED CARE EXPERTS (ACE)MEDICAL CENTER - PATEROS,"884 P. Herrera St., Aguho, Pateros",87069395  to 9400 Local 153/8535-29-83 - Direct Line/(+63)09294812463-Smart/(+63)09063616620-Globe
ALLIED CARE EXPERTS (ACE)MEDICAL CENTER - TUGUEGARAO INC.,"Pallua R.D, Pallua Norte, Tuguegarao Inc.",09277604761 /(078)3058
ALLIED CARE EXPERTS MEDICAL CENTER - BOHOL,"0308 AS BIACO ST., CARLOS P. GARCIA EAST AVENUE, MANSASA DISTRICT, TAGBILARAN CITY",(038) 412-8888
ALLIED CARE EXPERTS MEDICAL CENTER - BUTUAN INC.,"South Montilla Blvd., Brgy. Villa Kananga, Butuan City",0933-051-6947 ; 0915-735-5076
ALLIED CARE EXPERTS MEDICAL CENTER - CEBU,"982 N. BAGALSO AVE., BASAK PARDO, CEBU CITY",(032) 265-5833/39
ALLIED CARE EXPERTS MEDICAL CENTER - QUEZON CITY,"No. 20, Seminary Road, Bahay Toro, Proj. 8, Quezon City",8398 9213; (02) 281-7764; 283-3993
ALLIED CARE EXPERTS MEDICAL CENTER - VALENZUELA,"548 Mc Arthur Highway, Malanday Valenzuela City",925-6860; 366-0000 (TRUNKLINE)
"AMSI DOCTORS MEDICAL CENTER, INC.","National Highway Brgy. Halang, Calamba City, Laguna",09623676116 / (049) 545 8423
"ANDA RIVERVIEW MEDICAL CENTER, INC. (FORMERLY COMMUNITY HEALTH & DEVELOPMENT COOPERATIVE HOSPITAL)",ANDA RIVERSIDE (MAGALLANES INTERIOR) DAVAO CITY,(082) 221.0808
"ANECITO T. PESANTE SR. MEMORIAL HOSPITAL, CO.","cor. Pioneer & Tiza Sts., Poblacion 1, Midsayap North Cotobato, Mindanao",064-229.8247; (064) 229.9177 (Info)
"ANGELES MEDICAL CENTER, INC.","641 Rizal St., Angeles City, Pampanga",(045) 625-9414/(045) 887-3139-hmo dept
ANGELES UNIVERSITY FOUNDATION MEDICAL CENTER,"Mc Arthur Highway, Angeles City",(045) 626-1840/63; HMO Dept. (045)626-2054 / 09173279512/(045)625-2999
ANTIPOLO CENTRO DE MEDIKAL HOSPITAL INC.,"224 Sumulong Highway, Mayamot Antipolo City",09688557442 / 8-291-9976
ANTIPOLO DOCTORS HOSPITAL,"M.L. Quezon Avenue Ext., Antipolo City",697-5908; 650-8269 / 8286 8371 (opd)
ANTIQUE MEDICAL CENTER,"Iloilo-Antique Road, San Jose De Buenavista, Antique",(036) 540-7335/09650786036
APALIT DOCTORS HOSPITAL,"Gonzales Ave., San Juan, Apalit, Pampanga",TeleFax 045 6520011 (HMO); # 045 6520130 (Clinic)
APPLEONE BROKENSHIRE MEDICAL CORPORATION,"MADAPO HILLS, DAVAO CITY",(082) 3053170; 224-1214; 2275706; 3053525(Bayantel)
"AQUINO MEDICAL SPECIALISTS HOSPITAL, INC.","Mabini Street, Magugpo South, Tagum City",(084) 216-2156
ARAYAT DOCTORS HOSPITAL,"Jose Abad Santos Avenue, Cacutud, Arayat, Pampanga",(045) 305-0131
ARNAIZ HOSPITAL CORPORATION,"F.P Felix Ave., Cainta, Rizal",645.6042 ; 240.1977 opd
ASCCOM MEDICAL CENTER,"Gonzales Avenue, San Juan, Apalit, Pampanga",(045) 652-0380; 652-0089
"ASIA PACIFIC MEDICAL CENTER - AKLAN, INC.","Judge Martelino Road, Andagao, Kalibo, Aklan",09178146042 ; 09190963082
"ASIA PACIFIC MEDICAL CENTER - ILOILO, INC.","Brgy. Ungka, Jaro, Iloilo City",9356804526
ASIAN HOSPITAL AND MEDICAL CENTER,2205 CIVIC DRIVE ALABANG MUNTILUPA CITY,(02) 771-9000 to 02
ASSUMPTION SPECIALTY HOSPITAL AND MEDICAL CENTER INC.,"SUMULONG HIGHWAY, BRGY.  DELA PAZ, ANTIPOLO CITY",8248-5500 0945-3171710 / 0961-1871791
BACOLOD QUEEN OF MERCY HOSPITAL,"ERORECO LN DRIVE BRGY MANDALAGAN BACOLOD CITY , NEGROS OCCIDENTAL","(034)-431-25-59, 431-30-00, 431-26-47, 431-25-78"
BACOOR DOCTORS MEDICAL CENTER,"Molino Boulevard, Bayanan, Bacoor, Cavite",0917-8460418/ 0917-8650154/ 0933-8554158
BALAYAN BAYVIEW HOSPITAL AND MEDICAL CENTER,"Langgangan, Balayan, Batangas",(043) 211-6734
"BALIBAGO POLYCLINIC AND HOSPITAL, INC.","Provincial Road, Balibago, Sta. Rosa, Laguna",(049) 534.1591 ; 545-8677
BANGSAMORO DOCTORS HOSPITAL (FORMERLY COTABATO MEDICAL SPECIALIST HOSPITAL),"Quezon Avenue, Cotabato City","(064) 421-4145, 421-2339"
BANGUED CHRISTIAN HOSPITAL,"Torrijos St., Zone 5, Bangued, Abra",(074)752-8503;09454577477/09979841023/09772139553
BATAAN DOCTORS HOSPITAL AND MEDICAL CENTER,"Cuaderno St., Doï¿½a Francisca Subdivision, City of Balanga, Bataan",(047) 237-2050; 0947-997-8016/09190678114
BATAAN PENINSULA MEDICAL CENTER,"San Ramon, Dinalupihan, Bataan",(047)481-2173; 481-5969
BATAAN ST. JOSEPH HOSPITAL AND MEDICAL CENTER CORP,"151 DON MANUEL BANZON AVENUE, CITY OF BALANGA, BATAAN",(047) 237-0226; 237-2009; 237-3009
BATANES GENERAL HOSPITAL,"National Road, Brgy.,Kayhuvucan, Basco Batanes",09989828104/ 09611922900
BATANGAS HEALTHCARE JESUS OF NAZARETH HOSPITAL,"GULOD ITAAS, BATANGAS CITY",(043) 723-4144/723-6738; HMO/Billing(043) 722-1326 (043) 728-0366
BATANGAS HEALTHCARE SPECIALISTS MEDICAL CENTER,DIVERSION ROAD  ALANGILAN BATANGAS CITY,043 403 8642
BAUAN DOCTORS GENERAL HOSPITAL,"F. Mangobos Street, Poblacion I, Bauan Batangas",(043) 727-4019 loc 208 (HMO)/ (043) 727-2237 Loc 215
BAUTISTA HOSPITAL,"375 P. BURGOS AVE., CARIDAD, CAVITE CITY",(046) 431-0416
BEATO-CAUILAN HOSPITAL,"Villa Carolina I Subd., National Highway, Tunasan, Muntinlupa City",861-5285 ; 861-5284
"BERMUDEZ POLYMEDIC HOSPITAL, INC.","#391 Malaria Road, Brgy. 185, District I, Tala, Caloocan City",(02) 961-3229 / 09260062592
BERNARDINO GENERAL HOSPITAL I - QUIRINO HIGHWAY BRANCH,"680 SAN BARTOLOME, QUIRINO HIGHWAY, NOVALICHES",935-5264; 936-6050; 935-7213 (Billing: 104)
BERNARDINO GENERAL HOSPITAL II -ZABARTE BRANCH,"NORTH OLYMPUS, ZABARTE ROAD, NOVALICHES",8-935 5262 (TrunkLine) press 100-HMO / 939-8050 (Direct Line HMO) 100
"BETHANY HOSPITAL, INC.(LA UNION)","Widdoes St., San Fernando, La Union",(072) 242-0804 ; (072) 888-2930 ER
BETHEL BAPTIST HOSPITAL INC.,"Fortich St. Sumpong, 8700 Malaybalay City, Bukidnon",(088) 813-2708 / 09178016432 / 09177030701
BICOL ACCESS HEALTH CENTRUM,"Panganiban Street, Central Business District II, Naga City 4400",9992295142
BINAKAYAN HOSPITAL AND MEDICAL CENTER,"175 Covelandia Rd., Brgy. Balsahan-Bisita, Kawit, Cavite",(046) 516-0500
"BIÑAN DOCTORS HOSPITAL, INC.","PLATERO, BIÑAN, LAGUNA",(049) 511-9159; (049) 411-0070 ; HMO Dept:(02) 520-6764/520-6789;
BINANGONAN LAKEVIEW HOSPITAL,"Km. 31 Manila East Road, Brgy. Tagpos, Binangonan Rizal",(02) 570-1030/ 570-0883
BLESSED FAMILY DOCTORS GENERAL HOSPITAL,"Brgy Ilang, San Carlos City, Pangasinan",(075) 531-2196 / 09954017889
"BOCAUE SPECIALISTS MEDICAL CENTER, INC.","#2894 McArthur Highway Lolomboy, Bocaue Bulacan",(02) 851-94772 / 09993995445
BONGCAS HOLY CHILD HOSPITAL,"Purok 2A South Poblacion, Maramag, Bukidnon",(088)238-5602
"BRENT HOSPITAL, INC.","R. T. Lim Blvd., Zamboanga City",(062) 990-1963/9756256/992-5996/ 991-5358
BRIGINO GENERAL HOSPITAL (FORMERLY SAN JOSE FAMILY CLINIC AND LYING-IN),"20 QUIRINO HIGHWAY, PECSONVILLE SUBD., TUNGKONG MANGGA, CITY OF SAN JOSE DEL MONTE, BULACAN",263-3441/(044)815-4456
"BUDDHIST TZU CHI MEDICAL FOUNDATION PHILIPPINES INC.,",1000 CORDILLERA ST. CORNER LUBIRAN ST. BRGY. 621 BACOOD STA. MESA MANILA,8452 9820
BUTUAN DOCTORS HOSPITAL,"Estacio Village, J.C. Aquino Ave., Butuan City",09953956598/ (085) 342-7000/342-8047
CAGAYAN DE ORO MEDICAL CENTER,"TIANO NACALABAN ST., CAGAYAN DE ORO CITY",trunkline: (088) 856 5507; (088) 856-6987; 09456658505 (HMO Carol)
"CAGAYAN DE ORO POLYMEDIC GENERAL HOSPITAL, INC.","DON APOLINAR VELEZ ST., CAGAYAN DE ORO CITY",(088) 856-4465/856-3384
CAGAYAN UNITED DOCTORS MEDICAL CENTER OF TUGUEGARAO CITY INC.,7 Bagay Road Caritan Centro Tuguegarao City,9171286768
CALAMBA DOCTORS HOSPITAL,"NATIONAL HIGHWAY PARIAN, CALAMBA, LAGUNA",(049) 545-7371; 545-2529 ; 545-7372 local 102 (ER) ; 545-0195 (OPD)
CALAMBA MEDICAL CENTER,"CENTRAL REGISTRATION 2ND FLOOR TOWER 1 & 2, CROSSING CALAMBA, LAGUNA",(049) 545 6080; 545-1740; (049) 544-0087/ (local 2122 Marketing)
"CALLANG GENERAL HOSPITAL & MEDICAL CENTER, INC.","Judge Taguinod St., Centro East, Santiago City",(078) 305-0734; 305-2513
CAMARIN DOCTORS HOSPITAL ( OPTIMUM QUALITY HEALTH VENTURES INC. ),Camarin Road Brgy. 172 Camarin Quezon City,8260-5952 ;
CANDON ST. MARTIN DE PORRES HOSPITAL (FORMERLY ST. MARTIN DE PORRES HOSPITAL),"25 De Marzo St. Brgy San Antonio, Candon City Ilocos Sur",(077) 742-6464-67; 742-5985; (077) 674 0513
CAPITOL MEDICAL CENTER,"QUEZON AVENUE, CORNER SCOUT MAGBANAU ST. QUEZON CITY",0999-991-1589 (02) 372-3825
CAPITOL UNIVERSITY MEDICAL CENTER FOUNDATION OF CAGAYAN INC.(FORMERLY CAPITOL UNIVERSITY MEDICAL CITY ),"GUSA HI-WAY, CAGAYAN DE ORO CITY",(088)856-4970/ (08822) 723-215; 724-326 // (088) 852.5536 (HMO)/ 0917 6335437
CAPIZ DOCTORS HOSPITAL,"Fuentes Drive, Roxas City",(036)621-5673 to 75
"CAPIZ EMMANUEL HOSPITAL, INC","Roxas Avenue Extension, Roxas City, Capiz",(036) 621-5608
CARDINAL SANTOS MEDICAL CENTER,"Wilson Street, Greenhills West, San Juan, Metro Manila",(02) 727-0001
CARLOS MEDICAL AND MATERNITY CLINIC,"911 National Road Brgy. Looc Cardona, Rizal",(02) 401-5360 ; (0917)855-2753
"CARMONA HOSPITAL AND MEDICAL CENTER, INC.","Macaria Business Center, Governor's Drive cor. Purificacion Street, Barangay Mabuhay, Carmona, Cavite",(046) 430-0295 ; (046) 430-0297; (046) 419-8110; 0995-8773943
"CASTRO MATERNITY HOSPITAL AND MEDICAL CENTER, INC.","M. PONCE COR. F. RUSTIA STS. BALIUAG, BULACAN",(044) 766-7022; 766-1462 LOC.124
"CATANDUANES DOCTORS HOSPITAL, INC.","Brgy. Valencia, Virac, Catanduanes",(052) 7405441; 7405422
CAUAYAN MEDICAL SPECIALISTS HOSPITAL,"27 Burgos St., Dist. II Cauayan City, Isabela",078-652.1434
CAVITE EAST ASIA MEDICAL CENTER INC. (FORMERLY SOUTHEAST ASIAN MEDICAL CENTER INC.),"Molino Road, Brgy. Molino III Bacoor, Cavite",(046)477.0183; 431.0000
CAVITE MEDICAL CENTER,"Dalahican, Cavite City",(046) 431-1611/ 431-9988
"CDG BOHOL DOCTORS HOSPITAL INC.,","TAGBILARAN EAST ROAD, BOOL, TAGBILARAN CITY, BOHOL",9189467100
"CEBU DOCTORS UNIVERSITY HOSPITAL, INC.","OSMEÑA BOULEVARD, CEBU CITY",(032) 253-7511; 2555555
"CEBU NORTH GENERAL HOSPITAL, INC.","Kauswagan Road, Talamban, Cebu City",(032) 343-7245; 3437777
CEBU SOUTH GENERAL HOSPITAL,"TUYAN, NAGA, CEBU CITY",(032) 272-2222 to 25
CEBU VELEZ GENERAL HOSPITAL,"F. RAMOS STREET, CEBU CITY",(032) 253-1871
CENTRAL LUZON DOCTORS HOSPITAL,"HOSPITAL DRIVE, SAN VICENTE, TARLAC CITY",(045) 925-2534
"CENTRO MEDICO DE SANTISIMO ROSARIO, INC.","Roman Super Highway Brgy. Tenejero, Balanga City, Bataan",(047) 633-0000; 047 244 1401; 0907-638-1958 ;047 633 8881 ;0907 642 2392
CHARLES W. SELBY MEMORIAL HOSPITAL (FORMERLY APARRI CHRISTIAN HOSPITAL),"Diego Silang St., Aparri, Punta Cagayan, Cagayan Valley",078-888-2485; 888-0228
CHINESE GENERAL HOSPITAL,"286 BLUMENTRIT ST. STA CRUZ, MANILA",(02) 711-4141 loc 645
CHONG HUA HOSPITAL,DON MARIANO CUI ST. CAPITOL SITE CEBU,255-8000
CHONG HUA HOSPITAL MANDAUE & CANCER CENTER,"Mantawi International Drive, Subang Daku, Mandaue City",(032) 233-8000
"CHRIST THE KING MEDICAL CENTER UNIHEALTH LAS PIÑAS, INC. (FORMERLY CHRIST THE KING GENERAL HOSPITAL, INC.)","130 Real St., Pamplona 1, Las Piï¿½as City",873-1119
CHRIST THE KING SPECIALISTS HOSPITAL,"Christ the King road, Magugpo East, Tagum City, Davao Del Norte, Philippines",09811677839 ; 09306233975
CHRISTIAN GENERAL HOSPITAL,"564-A Mabini St. cor. Crisostomo F. de San Juan Sts., Pagsanjan, Laguna",(049) 501-4051
CICOSAT HOSPITAL,"Lingsat City of San Fernando, La Union",(072) 888-7385
CITY OF CANDON HOSPITAL,"San Nicolas, Candon City Ilocos Sur",(077)742-5675
CITY OF GENERAL TRIAS DOCTORS MEDICAL CENTER INC. (FORMERLY GENTRI DOCTORS MEDICAL CENTER),"Governor's Drive, Metropolis, Green Subdivision, Barangay Manggahan, General Trias, Cavite",(046) 416-2222
CITY OF IMUS DOCTORS HOSPITAL INC.,Emilio Aguinaldo Highway Anabu1-B City of Imus Cavite,(046)435-5500;(02)4242130; 046 885 1521
CIUDAD MEDICAL ZAMBOANGA,"Nuï¿½ez Extension, Zamboanga City",(062) 992.7330
"CLINICA ANTIPOLO HOSPITAL AND WELLNESS CENTER, INC","Ninoy Aquino Blvd. (Taktak Road) Brgy. De La Paz Antipolo City, Rizal",695.9480 to 87
CLINICA HENSON,066 MC ARTHUR HI-WAY ANGELES CITY,(045) 625-2525; 626-2104; 2105; 2107; (0932)871-5357
CLINICA ISAGUIRRE,"P-8 Ramon Magsaysay St., Calinan, Davao City",(082) 295-0055
COMMONWEALTH HOSPITAL AND MEDICAL CENTER,"BLOCK 3 LOT 3&4 NEOPOLITAN BUSINESS PARK, REGALADO HIGHWAY, NOVALICHES, QUEZON CITY",930.0000/ 930.0009
"COMMUNITY GENERAL HOSPITAL OF SAN PABLO CITY, INC.","COLAGO AVE., SAN PABLO CITY, LAGUNA",(049) 562-2053/562-1314/5612370: new (049)562-8008
CORDILLERA HOSPITAL OF THE DIVINE GRACE INC.,"MB-73 Puguis, La trinidad Benguet",(074)620-5692/0977-8012054
CORNEL MEDICAL CENTER,"8001 Marcos Highway, Masinag, Mayamot, Antipolo City",(02) 6450411; 0917-8643984; 0998-9534218
CORPUZ CLINIC AND HOSPITAL,"Maharlika Highway, Brgy. Namnama, Sinait, Ilocos Sur","09175653740 , 09175133380 , 09175653944"
CRUZ-RABE MATERNITY AND GENERAL HOSPITAL,"57 General Luna St., Tuktukan, Taguig City",(632) 642-3433
CURE AND CARE MATERNITY HOSPITAL (AMISOLA MATERNITY HOSPITAL,"1068 Hermosa St., Manuguit, Tondo, Manila",252-3335 / 09434061856/ 09560540926
DAET DOCTORS HOSPITAL INCORPORATED,"Governor Panotes Ave., Brgy 7, Daet, Camarines Norte",(054) 875-5592
DAGUPAN DOCTORS VILLAFLOR MEMORIAL HOSPITAL,"Mcarthur Hi-way Mayombo, District Dagupan City, Pangasinan",(075) 522-7630/522-7629/ 09177166209
DANAO MOTHER AND CHILD HOSPITAL,"National Road, Cor. Rizal St., Danao City, Cebu",(032) 200-4496
DANIEL MERCADO MEDICAL CENTER,"No. 1 J.P LAUREL HIGHWAY, TANAUAN CITY, BATANGAS",(043) 778-1810
"DARAGA DOCTORS HOSPITAL, INC","Bañag, Daraga Albay",(052) 483-3416
"DASMARIÑAS CITY MEDICAL CENTER, INC.","Salawag, Crossing, Brgy. Salawag, Dasmariñas City, Cavite",(02) 552-5196
"DAVAO DOCTORS HOSPITAL  (CLINICA HILARIO), INC.","118 E. QUIRINO AVENUE, POBLACION DISTRICT, DAVAO CITY",(082)222-8000
DAVAO MEDICAL SCHOOL FOUNDATION HOSPITAL,"MEDICAL SCHOOL DRIVE, BAJADA DAVAO CITY",(082) 227-9330-32
DAVAO MEDIQUEST HOSPITAL INC.,"McArthur Highway., Brgy. Lizada, Toril, Davao City",082 2910229/ 291 0230
DAVAO REGIONAL MEDICAL CENTER,"APOKON, TAGUM CITY 8100, DAVAO DEL NORTE, PHILIPPINES",(084) 829 - 7120 - LOCAL 112
DE JESUS GENERAL HOSPITAL,"5 B.S. AQUINO AVE., BALIUAG, BULACAN",(044) 7667040
DE LA SALLE UNIVERSITY MEDICAL CENTER,"Governor D. Mangubat Ave., Dasmariñas City, Cavite",(046) 481-8000; Manila Line: 988-3100
DE LOS SANTOS MEDICAL CENTER,"201 E. Rodriguez Sr. Avenue, Quezon City",(02) 893-5762 ; Industrial Dept: 413.4968; 877-3888 (MAB)
DE OCAMPO MEMORIAL MEDICAL CENTER,"2921 Nagtahan St., Sta. Mesa Manila",715-1891-94
DE VERAS MEDICAL CENTER (FORMERLY DE VERAS GENERAL HOSPITAL & REHABILITATION CENTER),"City Road, Calao East, Santiago City",(078) 305-2787 ; 2782 (Info) ; (078) 3052801 ; 3051985 (E.R.)
DECENA GENERAL HOSPITAL,"BONUAN GUESET, DAGUPAN CITY, PANGASINAN",(075) 515.4013; 5222763
"DEL CARMEN MEDICAL CLINIC AND HOSPITAL, INC.","Carmen West, Rosales, Pangasinan",(075) 632-5648; ER 0922-519-5511; (0917) 556-8538
DIGOS DOCTORS HOSPITAL,"MC ARTHUR HIGHWAY, DIGOS CITY, DAVAO DEL SUR",(082) 553-3584/ (082)553-3517
DILIMAN DOCTORS HOSPITAL,"251 Commonwealth Ave, Matandang Balara, Quezon City",883 6900
DIVINE GRACE MEDICAL CENTER,"EPSA-Tejero Bypass Road, Bacao,General Trias, Cavite",(046) 482-6888; 0928-551-2287
DIVINE LOVE GENERAL HOSPITAL,"Sinagtala, Granja, Lipa City, Batangas",(043) 7841338;702-4906; 09164175899
DIVINE MERCY HOSPITAL,"LOT 9 & 10, AMANTE SUBD., SAN PEDRO, LAGUNA",803-3393;808-3448 ; 808-3392
"DIVINE MERCY WELLNESS CENTER, INC.","Arellano Corner Burgos St. Centro 06, Tuguegarao City, Cagayan",(078) 844-2925
DIVINE WORD HOSPITAL (FORMERLY ST. PAUL HOSPITAL),"Avenida Veteranos, Tacloban City, Leyte",(053) 832 7287;(053) 888-3274; 09190672673
DLSU - DR. RODOLFO POBLETE MEMORIAL HOSPITAL,"Burgos St., Brgy. Uno, Alfonso, Cavite","(046) 415-1286, 415-0190"
"DOÑA REMEDIOS TRINIDAD-ROMUALDEZ EDUCATIONAL FOUNDATION, INC.(FORMERLY REMEDIOS TRINIDAD ROMUALDEZ HOSPITAL)",Brgy. 96 Calanipawan Tacloban City Leyte,(053)327-5004 / 0956-917-2401
DR. AMANDO D. COPE MEMORIAL HOSPITAL,"Ruivivar Street, Tayhi, Tabaco City, Albay",(052) 487 5282/ 0917-523 0591/ 0998-972 6095
"DR. AMANDO L. GARCIA MEDICAL CENTER, INC.","648 RIZAL ST., ANGELES CITY",(045) 322-4847; 888-8992;5573
DR. ANTONIO P. ZANTUA MEMORIAL HOSPITAL,"225 V. VARGAS, BARANGAY FRANCIA, VIRAC, CATANDUANES",09282438462/(052) 811-3633
DR. ARTURO P. PINGOY MEDICAL CENTER (FORMERLY THE DOCTORS CLINIC & HOSPITAL INC.),"GEN. SANTOS DRIVE, KORONADAL CITY, SOUTH COTABATO 9506",(083) 228-2202
DR. ESTER R. GARCIA MEDICAL CENTER,"Gov. F.N Dy Blvd., San Fermin, Cauayan City, Isabela",(078) 6522694/0977-256-1784/0968-279-5454/0906-549-5639
DR. EUTIQUIO LL. ATANACIO JR. MEMORIAL HOSPITAL,"F. Timbol St., San Nicolas, Concepcion Tarlac","(045) 609 0368 , 09454994236"
DR. FE DEL MUNDO MEDICAL CENTER,"11 Banawe St., Quezon City","(02) 712-0845 -50, 712-6132 to 33, 712-2552-53"
DR. JESUS DELGADO MEMORIAL HOSPITAL,"#7 Kamuning Road, Quezon City",(02) 924-4051 to 65
"DR. MARCELO M. CHAN MEMORIAL HOSPITAL, INC.","CARMEN WEST ROSALES, PANGASINAN",(075) 6321282; 6321264
"DR. PABLO TORRE SR. MEMORIAL HOSPITAL (RIVERSIDE MEDICAL CENTER, INC.)","B. S. AQUINO DRIVE, BACOLOD CITY",(034) 705-0000; (034)433-7331
DR. PERALTA HOSPITAL CO.,"1149 Governor Padilla Road Poblacion, Plaridel, Bulacan",(044)760-7685
DR. PETRONILO V. SEARES HOSPITAL,"Penarubia St., Bangued, Abra 2800",(074) 752-8350; 7527695
"DR. RAMON PESANTE CLINIC AND HOSPITAL INC.,","Lucila Village, Poblacion, Libungan North Cotabato","064-229-53-84, 0956-172-01-04, 0909-992-07-71"
DR. RONALD P. GUZMAN MEDICAL CENTER,"Enrile Blvd. Carig, Tuguegarao, Cagayan Valley",(078) 304-0925 to 26; 09175194106
DR. VICTOR R. POTENCIANO MEDICAL CENTER,"163 EDSA, Mandaluyong City",464-9999 LOC 265 / 531-4911 ER LOC. 224; 217
DR. YANGAS HOSPITAL INC.,"252 P. Burgos St., Poblacion Bocaue, Bulacan",(044) 692-5307 local(202)
E. ZARATE HOSPITAL,"16 J. Aguilar Ave., Talon 1, Las piñas City",871.1440; 874.6905; 8873-5593
"EASTERN LAGUNA MEDICAL CENTER, INC. (EASTERN LAGUNA MEDICAL HOSPITAL)","Provincial Road, Brgy. Tunhac, Famy, Laguna",(049)501-9635; 09257417906; 09275788092
EMILIO AGUINALDO COLLEGE MEDICAL CENTER-CAVITE,"Brgy. Salitran II, Dasmariñas City, Cavite",046-850.2037
EMMANUEL HOSPITAL,"NORBERTO ST., SAN JOSE, SAN MIGUEL, BULACAN",(044)764-1857; 762-0124; 233-1781; (0917)502-1026
ENGLEWOOD HOSPITAL,"Tagbilaran City, Bohol",(038) 412-3018; 510.9334
"ESTEVEZ MEMORIAL HOSPITAL, INC.","Don Juan S. Estevez St., Guevarra Subdivision, Legazpi City 4500",(052)480-2135 ; (052) 480-4021
EVANGELISTA MEDICAL SPECIALTY HOSPITAL,"MACARIA AVE., PACITA COMPLEX, SAN PEDRO, LAGUNA",Manila Line:  869-1471 ; 808.5827 ; 847.5496; 847-9369; 529-3360; 529-1220
"FAIRVIEW GENERAL HOSPITAL, INC.","Lot 20 Mercury St. Fairview Avenue, Fairview, Quezon City",939-9689
"FAMILY CARE HOSPITAL, INC.","Macaria Avenue, Pacita Complex I, San Pedro, Laguna",847-6177/519-8830
"FAMILY HEALTHCARE HOSPITAL THE REINE-MERE MEDICAL FACILITIES, INC. ( FORMERLY MOTHER REGINA HOSPITAL)","#2 Ruby St. Doña Juana Subdivision, Rosario",641-2922; 641-3360
FATIMA UNIVERSITY MEDICAL CENTER,"120 MC ARTHUR HI-WAY, MARULAS, VALENZUELA",(02) 293-2703-06; 291-6538; 291-9321 / 82916538
FATIMA UNIVERSITY MEDICAL CENTER ANTIPOLO,KM 23 Sumulong Highway Sta. Cruz Antipolo City,727-8845
FEU NRMF MEDICAL CENTER,"REGALADO AVE., FAIRVIEW, QUEZON CITY",(02) 983-8338; 427-0213 (trunkline) 938-4881 (executive office) /935-2198
"FIRST CABUYAO HOSPITAL AND MEDICAL CENTER, INC.","44 Km National Highway, Rotonda Purok 5 Brgy. Sala City of Cabuyao Laguna",Manila: +63 2 8768383/+63 49 5598090 loc 116/0917-134-5062/: 099-855-05934
FLORES MEMORIAL MEDICAL CENTER,"#16 Abauag St. Villasis, Santiago City",(078) 305-1255
"FLORIDABLANCA DOCTORS HOSPITAL, INC.","Valdez, Floridablanca, Pampanga",(045) 624-2297
GAOAT HOSPITAL (FORMERLY GAOAT GENERAL HOSPITAL),"No. 11 Ben-agan, Batac, Ilocos Norte",(077) 617-1457; 600-0450; 0929-5599489 (updated)
GARCIA GENERAL HOSPITAL,"49 Bayan-Bayanan Avenue, Cor. T. Bugallon St., Marikina Heights, Marikina City",948-4014 ; 942-4705
GATCHALIAN MEDICAL CENTER,"161 J.T. KANGLEON ST. ORMOC CITY, LEYTE",(053) 255-2203 ; 09553640328
GEN. MIGUEL M. MALVAR MEDICAL FOUNDATION,"531 Commonwealth Ave., Quezon City",952-7487; 932-8867; 932-8517
GENERAL SANTOS DOCTORS HOSPITAL,"NATIONAL HIGHWAY, GENERAL SANTOS CITY",(083) 552-3141; (083) 250-2777
GENERAL TRIAS MATERNITY AND PEDIATRIC HOSPITAL,"TEJERO GENERAL TRIAS, CAVITE",(046) 437-8111/ (046) 437-0124; 437-0133 loc. 121; 437-0124 loc. 121
GENTRI MEDICAL CENTER AND HOSPITAL INC.,"Santusan St., Brgy. Manggahan, General Trias, Cavite",(046)686-2338/(046) 424-0888
GERTES CLINIC & HOSPITAL,"100 Ventura St., Brgy. 15, San Nicolas, Ilocos Norte 2901",(077) 773-2391
GINGOOG SANITARIUM AND HOSPITAL,"C. Bagaipo Street, Gingoog City",0932-883-6062 / 0998-471-0746 / 0917-659-6326; 088 861-6062
GLOBAL CARE MEDICAL CENTER OF CANLUBANG INC.,"J. Yulo Avenue, Brgy. Canlubang, Calamba City",(049) 520-5626 / (049) 554-4262
GLOBAL CARE MEDICAL CENTER OF TALISAY INC.,"Mabini Highway , Brgy. Aya Talisay ,Batangas",(043)778-4888 and (043)783-6595
"GLOBAL MEDICAL CENTER OF LAGUNA, INC.","National Highway, Brgy. Banlic, Cabuyao City, Laguna",8-519-4477 ; 8-519-4679 - HMO Manila Direct ; 0998-585-0138 ; 0998-585-0144
"GOLDEN GATE BATANGAS HOSPITAL, INC. (FORMERLY GOLDEN GATE GENERAL HOSPITAL)","P. Prieto St., Batangas City",(043) 723-2508 (043) 723-3011
GOLINGAY GENERAL HOSPITAL,"poblacion, Malalag Davao Del Sur",(082) 272 1769
GONZALES MARANAN CLINIC & HOSPITAL,"Quezon Ave., Digos City, Davao del Sur",082-553.2474
GONZALES MEDICAL & CHILDREN’S HOSPITAL INC.,"50 Sixto Castillo St., Tanauan, Batangas",(043) 778-1218
"GOOD SHEPHERD HOSPITAL OF PANABO CITY, INC.","Km. 31 National Highway, New Pandan, Panabo City, Davao Del Norte",(084) 628-5150
GRACE GENERAL HOSPITAL (FORMERLY GRACE MEDICAL CENTER),"Lot 2 Blk 1 Quirino Highway, Brgy. Mulawin Francisco Homes, City of San Jose del Monte, Bulacan","925-1131; 514-9417, 514-9381, 0922-824.1625"
"GRACE MEMORIAL HOSPITAL FOUNDATION, INC.","003 Borol, 2nd Balagtas, Bulacan",044-815.7217
"GRAMAN MEDICAL AND MATERNITY HOSPITAL, INC.","#44 Camia St., Brgy. Dakila, Malolos City, Bulacan",(044)896-2292; 791-0062
GREENCITY MEDICAL CENTER(PAMPANGA DOCTORS MEDICAL CENTER INC),"Jose Abad Santos St., Brgy. Dolores, City of San Fernando, Pampanga",(045) 649-8703
GREG HOSPITAL,"General Luna cor. Dalitiwan St., Sariaya, Quezon",(042) 525-8487; (042) 717-0126
"GUIGUINTO POLYMEDIC HOSPITAL INC,","113 CAGAYAN VALLEY ROAD, STA CRUZ, GUIGUINTO BULACAN,",044-794-07-88
H VILL HOSPITAL,"82 J.P. Rizal St., Manggahan, Montalban, Rizal",997-1284;1439; 09171480122; (02) 8997 1284 (02) 8522-4474
HEALTHSERV LOS BAÑOS MEDICAL CENTER,"#8817 National Hi-way Batong Malaki, Los Baños, Laguna",(049) 536-7718; 536-8407; 536-4858; 09178470553
HEART OF JESUS HOSPITAL,"SOBREPEÑA DRIVE, SAN JOSE CITY, NUEVA ECIJA",(044) 958-9108 ; (044) 958-3462
HOFILEÑA HOSPITAL,"F. S Pajares Avenue., Gatas Dist., Pagadian City",(062)215-1689
HOLY CHILD HOSPITAL,"Legaspi Street, Dumaguete City 6200",(035) 225-0510/ 421-0541;0599/ 421-0991
HOLY FAMILY MEDICAL CENTER,"#179 Sto. Entierro St., Sto. Cristo, Angeles City, Pampanga",(045)888-6620; (045)598-0327
HOLY MARY WOMEN AND CHILDRENS HOSPITAL,"FELIX GORRICETA JR. AVENUE, PAVIA, 5001 ILOILO","033-337-52-50, 0907-655-26-27"
HOLY MOTHER OF MERCY HOSPITAL KABANKALAN,"Don Emilio Village, Rizal St. Brgy. 9, Kabankalan City",(034)471-8881 - 85
HOLY ROSARY HOSPITAL,"San Isidro St., Lopez, Quezon",(042) 717-4883
"HOLY ROSARY OF CABUYAO HOSPITAL, INC.","F.B Baylon Rosario Village, Sala Rosario, Cabuyao",(049) 508-0434/ 502-6024
HOLY SPIRIT COMMUNITY HOSPITAL OF DAVAO INC.,"Sampaguita St., Mintal, Davao City",(082) 293-0236
HOLY TRINITY HOSPITAL OF TARLAC CITY INC (FORMERLY)HOLY TRINITY HOSPITAL,"#505 QUEZON STREET SAN MIGUEL, TARLAC CITY","0963 487 1268 , 0963 487 1267"
HOLY TRINITY MEDICAL CENTER,"Jose Abad Santos Avenue, Arayat, Pampanga",09190740392 ; 09497704568
"HOLYLIFE HOSPITAL (FORMERLY UBF HEALTHCARE, INC.)","Lot 2 B-4 Pres. Quezon St., Lifehomes Subd., Rosario, Pasig City",382-5943; 7483501
HOSPITAL OF THE INFANT JESUS MEDICAL CENTER (FORMERLY HOSPITAL OF THE INFANT JESUS),"1556 Laong Laan Rd., Sampaloc, Manila",731-2771 to 76; 254-4145
ILOCOS SUR COOPERATIVE MEDICAL MISSION GROUP & HOSPITAL,"Jose Singson St., Vigan, Ilocos Sur",(077) 722-1509; 723-1543; 674-0109/ Mobile No: (0916)755-3268
ILOILO DOCTORS HOSPITAL INC.,"WEST AVE., MOLO, ILOILO CITY",(033) 337-7702-09
"ILOILO MISSION HOSPITAL, INC.","Mission Rd. Jaro, iloilo city, Iloilo",(033) 320-0315
IMMACULATE CONCEPTION MEDICAL CENTER OF CENTRAL LUZON INC.,"Circumferential Road, Brgy., San Juan,Cabanatuan City, Nueva Ecija",044 -940-0700; 940-0900
IMMACULATE HEART OF MARY HOSPITAL INC.,"E. Rafael Street, Rawis Virac, Catanduanes",9294246583
ISAAC & CATALINA MEDICAL CENTER,"CAPITOL DRIVE, BALANGA, BATAAN",(047) 237-1435
"ISABELA DOCTORS GENERAL HOSPITAL, INC.","NATIONAL HIGHWAY BALIGATAN, ILAGAN, ISABELA",(078) 624-0255 ; (078) 624.2071 ;  09053550464 ; 09328778054
"ISABELA UNITED DOCTORS MEDICAL CENTER, INC.","National Highway Brgy. Cabaruan, Cauayan City, Isabela",(078) 652-4177; 09178089463; 0917-5174223
ISIAH MEDICAL CENTER,"National Road, Brgy. Tulay, Odiongan, Romblon",09089670808 - (042)567-2183
JABEZ MEDICAL CENTER,"J.P. Laurel Street, Nasugbu, Batangas",(043) 416-0446
JAIME B. BERCES MEMORIAL HOSPITAL,"V. Demetriou Street, Tabaco, Albay 4511",(052) 732-7670 / (052) 487-6061/ 09561976899 / 09952367678
JAMELARIN HOSPITAL (FORMERLY PAGADIAN COMMUNITY HOSPITAL),"Rizal Ave., Balangasan, Pagadian City",9177144904
"JANE COUNTY HOSPITAL, INC.","C.M. Recto Street, Barangay Castillo, Pagbilao, Quezon",(042) 731-1295
JECSONS MEDICAL CENTER,"Brgy San Nicolas, Tarlac City",(045)982-5501; 982-0379
JESUS NAZARENE GENERAL HOSPITAL,"Brgy. Poblacion, Solis St., Lingayen, Pangasinan",(075) 542-5758 ; 0933-4900058
JESUS THE SAVIOUR HOSPITAL,"Sto. Angel Central, Sta. Cruz, Laguna",(049) 557 0075; 501.8154; 09081781444
JNRAL FAMILY CORPORATION (MANAS CLINIC),"A. Soriano Highway, Brgy. Sahud Ulan, Tanza, Cavite",(046) 489-6398
"JUAN S. ALANO MEMORIAL HOSPITAL, INC","Rizal Avenue, Isabela City, Basilan",(062) 200-3272
KAIROS MATERNITY AND GENERAL HOSPITAL,"National Road, Muzon, City of San Jose Del Monte Bulacan",(044) 815-4653; 994-3868
KARMELLI CLINIC AND HOSPITAL,Brgy. 29 Legaspi St. Laoag City,(077) 670-7064; 772-2752
KIDAPAWAN DOCTORS HOSPITAL INC.,"QUEZON BLVD., KIDAPAWAN CITY, NORTH COTABATO",9209382427
"KIDAPAWAN MEDICAL SPECIALIST CENTER, INC.","SUDAPIN, KIDAPAWAN, NORTH COTABATO",(064)288-1762; 577-4553
KOREA-PHILIPPINES FRIENDSHIP HOSPITAL (GEN.EMILIO AGUINALDO),"Brgy. Luciano, Trece Martires City, Cavite",(046)4191713-16 / 419-0570
LA CONSOLACION UNIVERSITY GENERAL HOSPITAL,"Gov. Padilla Road, Poblacion, Plaridel, Bulacan","(044) 795-4255; 795-1236,"
"LA UNION MEDICAL DIAGNOSTIC CENTER & HOSPITAL,INC.","Ancheta St. corner Bucaneg St., San Fernando City, La Union",(072) 607.8339
LA VIÑA GENERAL HOSPITAL INC.,"Alkuino St., Poblacion, Valencia City, Bukidnon",(088)828-3210;
LAGUNA HOLY FAMILY HOSPITAL INC.,"1824 J. De Leon St., Brgy. Pagsawitan, Sta. Cruz, Laguna",(049) 501-1278/0917-862-7588
LAHOZ CLINIC AND HOSPITAL,"Jose Singson St., Vigan City, ILOCOS SUR",(077) 674-0344 to 0355
LANANG PREMIERE DOCTORS HOSPITAL INC.,"Davao Park District , Dakudao Loop Lanang Brgy. San Antonio  Agdao Davao City, Davao Del Sur",(082) 235-2662 ; 09688776292 (Admitting)
LANDERO CLINIC & HOSPITAL,"cor. J. Rizal and Jacinto Sts., Surallah, South Cotabato",(083) 238.3187; 238-3761
LAOAG CITY GENERAL HOSPITAL,"46 Brgy. Nalbo, Laoag City, Ilocos Norte",077-772.8826 LOC. 624;
LARIOSA CLINIC AND HOSPITAL,"Diego Silang St.,  Surallah, South Cotabato",(083) 238-3027 ; (083) 238-3059
LAS PIÑAS CITY MEDICAL CENTER,"1314 MARCOS ALVAREZ AVENUE, TALON 5, LAS PIÑAS CITY",(02)800-5695/823-3570/800-5654 (Admitting)
LAS PIÑAS DOCTORS HOSPITAL,"8009 J.P. AGUILAR AVE. PULANG LUPA II, LAS PIï¿½AS CITY",(02) 825-5236 (Loc 166) /88462372
LEON D. HERNANDEZ MEMORIAL HOSPITAL,"1328 Dasmariñas St., Daet, Camarines Norte",(054)571.2811/ 09204096444/ 440.1406 loc 169;  loc 169
LEONARDO B. MANABAT SR. HOSPITAL INC. (FORMERLY MANABAT MATERNITY & GENERAL HOSPITAL),"San Matias, Sto. Tomas, Pampanga",(045) 961-3513
LIM COMMUNITY HOSPITAL,"CANJULAO, JAGNA BOHOL",(038) 2382308
LIPA MEDIX MEDICAL CENTER,"Ayala National Hi-way, Balintawak, Lipa City, Batangas",(043) 756-3008;756-1190; 784-0450; HMO Dept: Loc 2003
LOPEZ SAINT JUDE GENERAL HOSPITAL CORP. (ST. JUDE’S HOSPITAL - QUEZON),"Real St. Lopez, Quezon",(042) 841-1015;302-5244
LORMA MEDICAL CENTER INC.,"Carlatan, San Fernando, La Union",(072) 888-2616; (072) 700-0000 loc. 124/187 marketing
"LOS BAÑOS DOCTORS HOSPITAL AND MEDICAL CENTER, INC.(LOS BAÑOS DOCTORS HOSPITAL & MEDICAL CENTER)","LOPEZ AVE., LOS BANOS LAGUNA",(049) 536-0100; 536-1825; 4462
LOVING MOTHER GENERAL HOSPITAL AND DIAGNOSTIC CENTER,"F. Taï¿½edo St, Tarlac City, Tarlac",(045) 982-5644 / 09171564432 loc 116
LUCAS-PAGUILA MEDICAL CLINIC AND HOSPITAL,"Magsaysay, Alicia, Isabela",(078) 662-7073
LUCENA UNITED DOCTORS HOSPITAL,"Brgy. Isabang, Lucena City,",(042) 373-6161 to 64
LUNG CENTER OF THE PHILIPPINES,"QUEZON AVENUE, QUEZON CITY",(02) 9246101-35
"LUTHER Z. RAMIRO MEDICAL CENTER, INC","1039 C. GALLARES STREET, TAGBILARAN CITY",038-411-35-16 LOC 1115
"LUZON MEDICAL CENTER, INC.","329 MCARTHUR HIGHWAY, TAPUAC DISTRICT, DAGUPAN CITY, PANGASINAN",(075) 522-5472; 656-8965
M. NAPEÑAS MULTISPECIALTY HOSPITAL,"STA. RITA, CONCEPCION, TARLAC",(045) 923-0819
M. V. SANTIAGO MEDICAL CENTER - (FCIE BRANCH)(FORMERLY M.V. SANTIAGO MEDICAL CENTER MULTI-SPECIALTY CLINIC),"Brgy., Langkaan, Dasmariï¿½as Cavite",(046) 402-1302 ; 09179044323
M. V. SANTIAGO MEDICAL CENTER (FORMERLY MARK JAMES HOSP.),"BARANGAY DE OCAMPO, TRECE MARTIRES CITY, CAVITE",(046) 419-0174 /419-3347/419-3340 (046) 888-9570
MA. ESTRELLA GENERAL HOSPITAL,"Tawiran, Calapan, Oriental Mindoro",(043)  286.7332/ 286.7388 / 286.7386
MAAYO MEDICAL CLINIC CORPORATION (THE HOSPITAL AT MAAYO),North PArk U.N. Avenue cor Plaridel St. Brgy. Alang-alang Mandaue City,(032)888-2662
MABINI GENERAL HOSPITAL,"Pulong Niogan, Mabini, Batangas",(043) 425-3204
MACTAN DOCTORS HOSPITAL,"BASAK, LAPU-LAPU CITY, CEBU",(032) 236-0000
MADONNA AND CHILD HOSPITAL,"JV SERIÑA SR. ST., CARMEN CAGAYAN DE ORO CITY","(08822) 723-230; (088) 858-4105; 724925, 725003, 8583962"
"MADONNA MEDICAL CENTER, INC. (FORMERLY MADONNA GENERAL HOSPITAL, INC. (KIDAPAWAN))","Davao-Cotabato Rd., Kidapawan City, Cotabato",(064) 572-6018
MAHESECO MULTIPURPOSE COOPERATIVE HOSPITAL,"Lakandula St., Poblacion, Mariveles, Bataan",(047)935-6743; 935-4192; 047-2405699
MAKATI LIFE NURTURE MEDICAL CENTER INC.,"Malugay Street Brgy. Bel-Air, Makati City",(02) 8888 2020
MAKATI MEDICAL CENTER,"AMORSOLO STREET LEGASPI VILLAGE CORNER DELA ROSA STREET, MAKATI CITY",(02) 888-8999; ER LOC 9090 HMO 8708
MALABON HOSPITAL AND MEDICAL CENTER INC.,"264 Gov. Pascual Ave., Catmon, Malabon City",8650-1364
MALOLOS MATERNITY HOSPITAL AND EYE CENTER,"MacArthur Highway, City of Malolos Bulacan",(044)791-1938
MALOLOS SAN VICENTE HOSPITAL,"Lucero St., Caniogan, City of Malolos, Bulacan",(044)791.5760; 02791576
MANILA DOCTORS HOSPITAL,#667 UNITED NATION AVENUE ERMITA MANILA PHILIPPINES,(02) 558-0888/528-8101
MANILA EAST MEDICAL CENTER,"MANILA EAST ROAD, BRGY. DOLORES, TAYTAY RIZAL",(02) 660-0000
MANILAMED (MEDICAL CENTER MANILA),"850 UNITED NATION AVENUE BGRY. 674, ZONE 73, PACO, MANILA 1007",(02) 523-8131 loc 2535 2536 2537
MANUEL J. SANTOS HOSPITAL,"554 Montilla Blvd., Butuan City",09985822749 ; 09517480122
"MARCELO HOSPITAL OF BALIWAG, INC","#237 M. PONCE ST., BRGY POBLACION BALIUAG, BULACAN","(044) 766-2517, (044) 766-41-13, 0926-045-55-91"
"MARCELO-PADILLA CHILDRENS AND MEDICAL HOSPITAL, CORP.","BANGA 1, PLARIDEL, BULACAN",044-7950119
"MARIA REYNA - XAVIER UNIVERSITY HOSPITAL, INC.","Msgr. Hayes St., Pinikitan, Camaman-an, Cagayan de Oro City",(088)857 1766; 857-1352; (08822)71-2628/72-5103/72-5210/72-2472/71-2664/ 0917-8298518 (Joy Labadan of HMO)
MARIAN HOSPITAL OF STA. ROSA INC.,"816-A RIZAL BLVD. BRGY. TAGAPO STA. ROSA, LAGUNA",(049) 838-1952/ (02) 420-8048/ Manila Line 584-4483
MARIKINA DOCTORS HOSPITAL AND MEDICAL CENTER INC.,"#10 Evangelista Rd., Brgy.Santolan, Pasig City",535-3837/535-3913/535-3934/535-3873
MARIKINA ST. VINCENT GENERAL HOSPITAL,"35 Bayan Bayanan, Concepcion Uno, Marikina City",(02) 948-5553; 948-0314 to 15
MARIKINA VALLEY MEDICAL CENTER,"SUMULONG HIGHWAY COR.AGUINALDO ST., MARIKINA CITY",8682-2222 loc. 725 ; (02) 682-2222 loc 178 or 179 (HMO);09178266653; 3399/ HMO Direct Line 682-4886
MARILAO SAINT MICHAEL FAMILY HOSPITAL INC. (FORMERLY MARILAO ST. MICHAEL FAMILY HOSPITAL),"CEFERINO SANTIAGO STREET, POBLACION DOS, MARILAO, BULACAN",(044) 769-9012 ; (044) 769-9234; 09052868431
MARTINEZ MEMORIAL HOSPITAL INC,"198 A. Mabini St., Maypajo Caloocan Philippines 1400",288-4574
"MARY CHILES GENERAL HOSPITAL, INC.","667 GASTAMBIDE STREET, SAMPALOC, MANILA",(02) 735-5341 to 54
MARY IMMACULATE MATERNITY AND GENERAL HOSPITAL INC. (FORMERLY MARY IMMACULATE MATERNITY AND GENERAL HOSPITAL),"F. Estrella St. Sto. Rosario, Malolos City, Bulacan",(044) 791-7274
MARY JOHNSTON HOSPITAL,"1221 J. NOLASCO STREET, TONDO, MANILA",(02) 245-4021
MARY MEDIATRIX MEDICAL CENTER,JP LAUREL MATAAS LUPA HIGHWAY LIPA CITY BATANGAS 4217,((043) 7736800 ; HMO Dept. (043) 757-1977 ; (0922)849-1131;(02) 8898 4510
"MARYMOUNT HOSPITAL INC. (FORMERLY MARYMOUNT MATERNITY AND CHILDRENS HOSPITAL, INC.)","C.P. Soriente Bldg., Camalig, Meycauayan City, Bulacan","(044) 661-1049 Loc. 101, 09171174112 (HMO); 0929-3801992, 0917-7908387 (OPD); 0917-7908374; 0906-2322864; 0929-3801992 (Billing & Admitting)"
MCU-FDT MEDICAL CENTER,"SAMSON ROAD, COR. EDSA CALOOCAN CITY",(02) 367-2031 to 45 ; Industrial Dept. 361-9769
MEDICAL CENTER IMUS,"DIVERSION ROAD, PALICO IV, IMUS CAVITE",(046) 472-2220; 472-3987; 472-3289; 472;3988-89
"MEDICAL CENTER MUNTINLUPA, INC.","38B NATIONAL ROAD, PUTATAN, MUNTINLUPA",(02) 862-0162-63;09175157442
MEDICAL CENTER OF DIGOS COOPERATIVE,"National Hi-way, Tres de Mayo, Digos City, Davao del Sur",(082) 553-5235/09494781034
MEDICAL CENTER PARAÑAQUE,"DR. A. SANTOS AVE., SUCAT ROAD, PARAÑAQUE",5318-9999
"MEDICAL CENTER TAGUIG CITY, INC.","Levi Mariano Ave., Brgy. Ususan, Taguig City",888-6284 loc 106 or 113 (HMO Dept.)
MEDICAL CENTER WESTERN BATANGAS,"Brgy. Lanatan, Balayan, Batangas",(043) 407-1103/ (02) 734-4872/ 043 740-0860/ 407-4367 (HMO)/09176279426
MEDICAL CENTRUM DAGUPAN,"A.B. FERNANDEZ AVE. EAST, DAGUPAN CITY",(075) 522.5725
MEDICAL MISSION GROUP HOSPITAL & HEALTH SERVICES COOPERATIVE OF TAGUM,"Visayan Village, Tagum City",(084) 6559304/ 655 6609
MEDICAL MISSION GROUP-PPC COOPERATIVE HOSPITAL,"Cor. Burgos & Mabini Sts., Puerto Princesa City, Palawan",(048) 434-1759 loc. 122; 09952933703; 09088122601/09177515672/(048) 434-5580; 434-3255
MEDICUS MEDICAL CENTER,"MMC Bldg., R.V. Bernardo Ave., San Rafael, Mandurriao, Iloilo City",(033) 328-7777
MEDINA GENERAL HOSPITAL,"Gov. Angel N. Medina Ave., Annex Ozamis City",(088)521-1183 loc 1816/158 (HMO)/ 821 1183 loc 150; 521-0125
MENDERO MEDICAL CENTER INC.,"A. Tan St., Brgy. Pitogo, Consolacion, Cebu",(032) 239-7151
MENDOZA GENERAL HOSPITAL,"Poblacion, Sta. Maria, Bulacan",(044) 792 1370 (044) 641-0100; 288-2417 ; 09171234872
MERCADO GENERAL HOSPITAL SJDM INC. (QUALIMED HOSPITAL - SJDM),"San Jose Del Monte Spineroad altaraza, Brgy. Tungkong Mangga, San Jose City, Bulacan",(044) 307-0000
MERCADO GENERAL HOSPITAL STA. ROSA INC. (QUALIMED STA. ROSA),"Nuvali North, Barangay Sto. Domingo, Sta. Rosa City, Laguna",(043) 778-1810
MERCY COMMUNITY HOSPITAL,"KAMAGUE, ILIGAN CITY",(063) 221-1154; (063) 221-8376
"METRO ANTIPOLO HOSPITAL AND MEDICAL CENTER, INC.","1348 Marcos Highway, Mayamot, Antipolo City",(02) 782-1754/ 722-3208
METRO BACOLOD HOSPITAL AND MEDICAL CENTER,"BURGOS EXTENSION, CAMINGAWAN, BRGY ESTEFANIA, BACOLOD CITY",0909-716-67-00
METRO BALAYAN MEDICAL CENTER (MADONNA GENERAL HOSPITAL - BATANGAS),"National Hi-way, Brgy. Caloocan, Balayan, Batangas",043-211.6556
"METRO CAVITE HEALTH SYSTEM, INC. (ASIA MEDIC FAMILY HOSPITAL AND MEDICAL CENTER)","Old Palapala Road, Sampaloc I, Dasmariñas, Cavite",(046) 416.1110 / 416-0720; (02) 871.9079
METRO DAVAO MEDICAL & RESEARCH CENTER INC.,"Km. 4, JP Laurel Ave., Bajada, Davao City",(082) 287-7777 loc 1102
METRO HEALTH SPECIALISTS HOSPITAL INCORPORATION,"Diversion Road, Cabid-An, Sorsogon City",0946-211-9040
METRO ILOILO HOSPITAL AND MEDICAL CENTER,"Brgy. Tagbak, Jaro, Iloilo City",(033) 327-1527
METRO LEMERY MEDICAL CENTER,"PALANAS LEMERY, BATANGAS",(043) 4090480; HMO Dept. (043) 411-0480
METRO LIPA MEDICAL CENTER,"J.P. LAUREL HIGHWAY, MARAWOY, LIPA CITY",(043) 312-2668;756-0549; (043) 756-4428 (HMO Dept.);702-6359;5561
METRO NORTH MEDICAL CENTER AND HOSPITAL,"1001 Mindanao Avenue, cor. Congressional Ave., Quezon City",(02) 426-8000; 426-1390; 426-1387
METRO RIZAL DOCTORS HEALTH SERVICES COOPERATIVE (METRO RIZAL DOCTORS HOSPITAL),"156 Marick Drive, Marick Subd., Brgy. Sto. Domingo, Rizal",656-9994/ 09175183043/09238437020/ 0905-429-8279
METRO ROSARIO MEDICAL SPECIALISTS CENTER INC(FORMERLY PALMA-MALALUAN HOSPITAL),"J. Magtibay St., Rosario, Batangas",(043) 403-7338
METRO SAN JOSE MEDICAL CENTER,"Banay-banay 2nd San Jose, Batangas",(043) 726.0207
METRO VIGAN HOSPITAL,"Roxas Dike, Bantay, Ilocos Sur",(077) 674-0580
METROPOLITAN MEDICAL CENTER,"1367 MASANGKAY ST., STA. CRUZ, MANILA",0916-436-0732 ; 8254 1111  loc 4062 ; 2541111 / SLK Bldg. 2549319
"MEYCAUAYAN DOCTORS HOSPITAL, INC.","Maria R. Soriente Bldg., IS Pavilion Commercial Center, KM. 18 Banga, Meycauayan City, Bulacan 3020",(044)769-6450
"MINDANAO MEDICAL CENTER, INC.","Cannery Rd., City Heights, Gen. Santos City",(083) 553-3985 /301-1153-54/ 553-8206-07
MINDORO MEDICAL CENTER - CALAPAN INC.,"Strong Republic Nautical Highway, Masipit Calapan City, Oriental Mindoro",9171777673
MIRANDA FAMILY HOSPITAL,"Km. 1 Surigao City, Surigao Del Norte",(086) 826-8995
MISAMIS UNIVERSITY MEDICAL CENTER,"Bagakay, Ozamiz City, Misamis Occidental",(088) 521-2411
MISSION HOSPITAL PASIG,"Km 17, Ortigas Avenue Extension, Rosario, Pasig City",655-0162; 952-4443; 656-2851-16; 655-4337 (trunkline)
MISSION-BUENAVENTURE CARE FAMILY HOSPITAL FOUNDATION INC/ MISSION FAMILY INFIRMARY,"JCA-BUNANI BLDG, PUROK 9 CENTRO DAMILAG, MANOLO FORTICH, BUKIDNON",9494344854
MOLINO DOCTORS HOSPITAL,"NATIONAL ROAD, MOLINO II, BACOOR, CAVITE",(046) 477-1661
MORONG DOCTORS HOSPITAL,GOVERNOR MARTINEZ ST. MORONG RIZAL,6532491 (TrunkLine)
MOTHER OF MERCY HOSPITAL,"B. Aquino Avenue, Brgy. 50-B Youngfield, Tacloban City",(0999)9959335
MOTHER TERESA OF CALCUTTA MEDICAL CENTER,"BRGY. MAIMPIS, MC ARTHUR HIGHWAY CITY OF SAN FERNANDO PAMPANGA",(045) 861-4607 /(045) 455-0662; 455-2128 to 29; 455-2131 to 32; (045) 461 4607 loc 2126
"MT. CARMEL MEDICAL CENTER OF BULACAN, INC.","Bunlo, Bocaue, Bulacan",(044) 278-6239
N. L. VILLA MEMORIAL MEDICAL CENTER,"Felix Manalo Street, Lipa City, Batangas",(043) 757-1281/ 756-4871 to 72; 552-5042 (manila line); 756-1217 (Transferrable trunkline)
"NAIC DOCTORS HOSPITAL, INC","Daang Makina, Naic, Cavite",(046) 412-1443
NATIONAL KIDNEY & TRANSPLANT INSTITUTE,"East Avenue, Quezon City",(02) 981-0300; 981-0400
"NAZARENUS COLLEGE AND HOSPITAL FOUNDATION, INC. (FORMERLY NAZARENUS COLLEGE FOUNDATION HOSPITAL)","#133 McArthur Highway, Saluysoy Meycauayan, Bulacan",(044) 840-7948/49; 815-4670; (044) 711.5429; 711-4318/044 697 8328
NAZARETH GENERAL HOSPITAL,"203 Peres St., Dagupan City Pangasinan",(075) 522-1110 ; (075) 522-1151; 0906-277.8477
NEGROS ORIENTAL HOSPITAL AND HEALTH SERVICES COOPERATIVE,"UYMATIAO BLDG., STA. ROSA STREET, BARANGAY 3, DUMAGUETE CITY, NEGROS ORIENTAL",(035) 531-2463 / 09550888653
NEW HOLY FAMILY HOSPITAL,"Fr. Laguirre St., Bongao, Tawi-Tawi",(068) 268-1271
NEW SINAI MDI HOSPITAL,"NATIONAL HI-WAY, BRGY. TAGAPO HALANG, STA. ROSA, LAGUNA",0917-5723410; 0922-8205601 / (049) 508-1049; (049) 508-2831
NICC DOCTORS HOSPITAL,"Carnation St. Barangay Triangulo, Roxas Avenue, Diversion Road, Naga City",(054)475-0000; 472-6094; 472-6040; 472-7252
NORTH CALOOCAN DOCTORS HOSPITAL,"Lot 31 Block 10, Bankers Village 2, Quirino Hi-Way, Caloocan City",9615213
NORTHSIDE DOCTORS HOSPITAL,"Guimod, Bantay, Ilocos Sur",(077) 604-04-75
NOTRE DAME DE CHARTRES HOSPITAL,"GENERAL LUNA ROAD, BAGUIO CITY",(074) 619.8530 to 34
NOTRE DAME HOSPITAL & SCHOOL OF MIDWIFERY,"Sinsuat Ave., Rosary Heights, Cotabato City, North Cotabato",(064) 421-2954
"NOVALICHES GENERAL HOSPITAL, INC.","793 Quirino Hi-way Gulod, Novaliches Quezon City","426-8888 (HMO)/0977-803 5863 / 0942-291-9025, 09602721742"
NUESTRO SEÑOR STO. NIÑO HOSPITAL,"Juan Luna St., Pob. Sur, Bayambang, Pangasinan",(075) 592-2290
"NUEVA ECIJA DOCTOR’S HOSPITAL, INC.","Maharlika Highway, Cabanatuan City",(044) 940-9107; 940-1323; (044) 464 1187; 960-5500
"NUEVA ECIJA GOOD SAMARITAN HEALTH SYSTEM, INC. (CABANATUAN)","BURGOS AVENUE., CABANATUAN, NUEVA ECIJA",(044) 463-1582 to 85/4643969
"NUEVA ECIJA GOOD SAMARITAN HEALTH SYSTEM, INC. (GAPAN)","Bucana, Gapan, Nueva Ecija",(044) 486-2363-64
"NUEVA ECIJA MEDICAL CENTER (FORMERLY GONZALES GENERAL HOSPITAL, INC)","Diversion Rd., San Leonardo, Nueva Ecija",(044) 940-0981; 940-8481; 940-8482; 0956-815-8547; 0917-566-7276
OLIVAREZ GENERAL HOSPITAL INC.,"DR. A. SANTOS AVENUE, SUCAT ROAD PARANAQUE, METRO MANILA",(02) 826-5035/826-7966/825-8747/826-5750
ORION ST. MICHAEL HOSPITAL INC,"National Road, Brgy. Wakas, Orion Bataan",047-244.7331; 0927-750.5100; 0917-824.7331
ORTIGAS HOSPITAL AND HEALTHCARE CENTER INC.,"KM 21 BROOKSIDE HILLS BRGY. SAN ISIDRO CAINTA, RIZAL",0920-8977570;(8)246-6558 Local 111
OSPA-FARMERS MEDICAL CENTER,"Carlota Hills Brgy. Can-Adieng, Ormoc City, Leyte",(053) 561-1701; 561-1702; 255-3194
OSPITAL NG CALACA,"Brgy. Bagong Tubig, Calaca, Batangas",(043)223-7708
"OSPITAL NG KABATAAN NG DIPOLOG, INC.","604 Padre Ramon St., Estaka Dipolog City",(065) 2124821/2122837
OUR LADY MEDIATRIX HOSPITAL,National Highway San Jose Iriga City Camarines Sur,0917-137-0642
OUR LADY OF CAYSASAY MEDICAL CENTER,"V. ILUSTRE STREET, LEMERY, BATANGAS",(043) 409-1888; 2142429-HMO dept.; 4292802- Manila Line
OUR LADY OF GRACE HOSPITAL,"8th Avenue cor. F. Roxas Grace Park, Caloocan City",(02) 361-1124
OUR LADY OF LOURDES HOSPITAL,"46 P. SANCHEZ ST. BGRY. 606,  STA. MESA",(02) 8-716-3901;
OUR LADY OF LOURDES HOSPITAL (DAET),"Vinzons Ave., Daet, Camarines Norte",(054) 721-2664
OUR LADY OF LOURDES INTERNATIONAL MEDICAL CENTER,"2 National Highway Brgy. Barretto, Olongapo City",(047) 2229011-13
OUR LADY OF MERCY GENERAL HOSPITAL,"Doña Remedios Trinidad, Longos, Pulilan, Bulacan",(044) 676-2774; 795-2505
OUR LADY OF MT. CARMEL MEDICAL CENTER - CLARK,"NINOY AQUINO AVE., CLARK SPECIAL ECONOMIC ZONE, PAMPANGA",(045) 893-4369 / (045) 499.1446
"OUR LADY OF MT. CARMEL MEDICAL CENTER (SAN FERNANDO, PAMPANGA)","KM 78 MC ARTHUR HI-WAY, BRGY. SAGUIN, SAN FERNANDO, PAMPANGA",(045) 860-1265; 636-6504-05; 860-0993; 455-1416 (045) 865 6262
OUR LADY OF PIAT POLYCLINIC,"Blk.11 Lt.13 South City Drive, South City Homes, Sto. Tomas, Biñan, Laguna",(02) 4002975
OUR SAVIOUR HOSPITAL,"Gen. Trias, Rosario, Cavite",(046) 438-1802 / 438-3688; 438-3688;
PACIFIC GLOBAL MEDICAL CENTER,"Lot 2B Mindanao Avenue, Brgy. Talipapa, Novaliches Quezon City",(02)901-4941; 949-0654
PADRE P I O NORTH CALOOCAN HOSPITAL (FORMERLY NODADO GENERAL HOSPITAL),"Area A. Camarin, Caloocan City",962.8021 loc. 122 (records)/ 107(ER) / 8651 1675
PADRE PIO MATERNITY AND MEDICAL HOSPITAL INC.,"Gen. Luna St., Balante, Ampid I, San Mateo, Rizal",(02) 656-8558
PAGADIAN CITY MEDICAL CENTER,"CABRERA ST. PAGADIAN CITY, ZAMBOANGA DEL SUR",(062) 215-2647/214-3237
PAGADIAN DOCTORS HOSPITAL,"Rizal Ave., Lumbia District, Pagadian City, Zamboanga Del Sur",(062) 214-3943
PAG-ASA HOSPITAL,"899 National Road, Brgy., Pag-asa Binangonan, Rizal",451.2180; 651.3962
PAGSANJAN MEDICAL CLINIC AND GENERAL HOSPITAL,"BRGY. SAMPALOCAN PAGSANJAN, LAGUNA",(049) 501-4228
PAMPANGA MEDICAL SPECIALIST HOSPITAL,"Jose Abad Santos Avenue, San Antonio, Guagua, Pampanga",(045) 455-7674; 455-1219 to 21; 455-1197; (HR) 045-455.1242
PAMPANGA PREMIER MEDICAL CENTER,"Km. 55 McArthur Highway, Brgy. Sampaloc, Apalit, Pampanga",(045) 425-0084; 0925-601-4875
PAMPLONA HOSPITAL AND MEDICAL CENTER INC.,"46 Alabang-Zapote Road, Pamplona Uno, Las Piñas City",8255-4802 ; 8353-4534
PANABO POLYMEDIC HOSPITAL,"Quirino Street, Panabo City, Davao Del Norte",084 823 0981
PANAY HEALTH CARE MULTI-PURPOSE COOPERATIVE HOSPITAL,"Estancia, Kalibo, Aklan",(036)268-1098/268-3475
"PANAY MEDICAL VENTURES, INC. (QUALIMED GENERAL HOSPITAL)","Ayala Atria Park District, Don Donato Pison Ave., San Rafael, Mandurriao, Iloilo City",(033)500-4000
PARAÑAQUE DOCTORS HOSPITAL,175 DONA SOLEDAD AVE. BETTERLIVING SUBD. PARANAQUE,(02) 776 - 0644 - 46/ 776-02-88 (Industrial Dept.)
PASCUAL GENERAL HOSPITAL,"130 M.Pascual St. Baesa Quirino Hi-way, Quezon City",362-5862; 0922-868-2993
"PASIG DOCTORS MEDICAL CENTER, INC.","#254 Amang Rodriguez Avenue Manggahan, Pasig City",878-7362/ loc 102  (HMO)/ 997-2792
"PERPETUAL SUCCOR HOSPITAL & MATERNITY, INC.","836 F. CAYCO ST. SAMPALOC, MANILA",(02) 731-1631;731-5774-77
PERPETUAL SUCCOUR HOSPITAL,"GORORDO AVENUE, CEBU CITY",(032) 233-8620-40
PHILIPPINE GENERAL HOSPITAL,"Philippine General Complex, Taft Ave. Manila",554.84
PHILIPPINE HEART CENTER,"EAST AVENUE, BGRY. CENTRAL,  QUEZON CITY",(02) 925-2401
"PHILIPPINE REHABILITATION INSTITUTE (PRI)FOUNDATION, INC.","BLOCK 6, LOT 11, ARAYAT BLVD., ANGELES CITY, PAMPANGA",(045) 887-1242; 888-9469; 888-9397
PHILLIPS MEMORIAL HOSPITAL,"Camp Philipps, Manolo Fortich, Bukidnon",(088)855-5976
PILAR MEDICAL AND MATERNITY CLINIC,"# 2 Rainbow Subd. Quezon Ave., Angono, Rizal",651-0231
PINAMALAYAN DOCTORS HOSPITAL,"Francisco St., Pinamalayan Oriental Mindoro",9565585226
PLTC INC. LUIS A. TIAM MEDICAL CENTER,"Bascarran, Solano, Nueva Viscaya",(078) 808.0042; (0917) 550.4033; (0999) 992.4609
POPE JOHN PAUL II HOSPITAL AND MEDICAL CENTER INC.,"545 - E ALABANG - ZAPOTE RD., TALON I, LAS PIï¿½AS CITY",8-826-0285; 2-826-0274
"PREMIERE GENERAL HOSPITAL OF NUEVA ECIJA, BALER, AURORA, INC.","Sukalayin, Baler Aurora",0977-8095522; 09103798651
"PREMIERE MEDICAL CENTER (FORMERLY PREMIERE GENERAL HOSPITAL OF NUEVA ECIJA, INC.)","Maharlika Highway, Daan Sarile, Cabanatuan City 3100",(044) 463-7845 to 49; 454-1007; 600-0957; 600-0267; 600-0176; 463-5868
"PROTACIO MEDICAL SERVICES, INC. (PROTACIO HOSPITAL)","484 Quirino Avenue, Tambo, Parañaque City",852-2953
"PROVIDENCE HOSPITAL, INC.","#1515 Quezon Ave., West Triangle, Quezon City",8558 - 6999 loc.110/119
PUERTO COMMUNITY HOSPITAL,"Zone-6 Puerto Highway, Puerto, Cagayan de Oro City",(088) 855.5088 loc 102 or 101
"QUEEN MARY HELP OF CHRISTIANS HOSPITAL, INC.","Brgy. Calahan, Cardona, Rizal",213-5245 to 46
QUEEN MARY HOSPITAL,"J. Pastor St., Poblacion, Ibaan, Batangas","(043) 414-1252 , 09773925212"
"R. DE C. GALVEZ MEDICAL CENTER, INC.","Cagayan Valley Road National Highway San Juan, San Ildefonso, Bulacan",(044) 797-0510; 326-2937; 677-2426
R.T. LIM FAMILY HOSPITAL CO.,"Brgy. Katipunan , Roseller T. Lim, Zamboanga Sibugay",9453498120
RAMOS GENERAL HOSPITAL,"P. HILARIO STREET LIGTASAN, TARLAC CITY",(045) 493 2565 ï¿½ 66 LOC 161/ 0917 112 8588/0936 923 8411
RANADA GENERAL HOSPITAL,Brgy. 9 Balintawak St. Laoag City,(077) 7704911; 7731199
RANADA MEDICAL AND DIAGNOSTIC CENTER,"Brgy. 7A S. Hernando Ave., Laoag City 2900, Ilocos Norte",(077)770-5172
"RECUENCO GENERAL HOSPITAL, INC.","68 Sampaloc Extension, Signal Village, Taguig City",837.9679 ; (0922) 830-3043
"RICARDO LIMSO MEDICAL CENTER, INC.","V. ILUSTRE ST., DAVAO CITY, DAVAO DEL SUR",(082) 226-3688
RIDONS ST. JUDE MEDICAL CENTER CORP.,"60 and 62 Harris St., cor. 18th St., East Bajac-Bajac, Olongapo City",(047) 222.5833 to 35; 0916-226-9458; 0932-258-9659
"RIVERA MEDICAL CENTER, INC.","7302 SAN FRANCISCO, PANABO CITY, DAVAO DEL NORTE",(084) 628-5234
ROMEL CRUZ HOSPITAL,"#702 Baog, Matimbo, City of Malolos, Bulacan",(044)791-3025
"ROSARIO MEDICAL CENTER OF GUAGUA, INC.","SAN ROQUE, GUAGUA, PAMPANGA",(045) 649-5867
ROSARY OF VIRGIN MARY HOSPITAL,"M. Roxas Street, Sta. Elena, Camarines Norte 4611",054 885 0764
"RUGAY GENERAL HOSPITAL, INC.","M. Cruz St., Carpa Village, Sabang, Baliwag, Bulacan",(044) 766-3457; 766-4629
SABATER GENERAL HOSPITAL,"Caruncho Ave., San Nicolas, Pasig City",8641-8194
"SACRED HEART HOSPITAL OF MALOLOS, INC.","DR. PERALTA ST. GUINHAWA SUBD., MALOLOS BULACAN",(044) 791-2911 ; 794-4744 loc. 442/443 (acctg.)
SACRED HEART MEDICAL CENTER,"Mc Arthur Highway, Sto. Domingo, Angeles City, Pampanga",(045) 624-5606 -12
SAGRADA FAMILIA HOSPITAL,"205 Bgy.Tangos, Baliuag, Bulacan",(044) 673-4123
SAINT GABRIEL MEDICAL CENTER,"Archbishop G. Reyes St., cor. G. Pastrana St., Kalibo, Aklan",036-268.1623 / 036-268.1624 ; 036-262-8814
SAINT PASCAL DE BAYLON HOSPITAL CORPORATION,"Aquino Ave., Poblacion, San Pascual Batangas",(043)728-0045
SAINT PIOS MEDICAL CENTER INC.,Govic Highway Palangian Iba zambales,9171329711
SALUBRIS MEDICAL CENTER,BRGY ROXAS SOLANO NUEVA VIZCAYA,0917-657-96-56
SALUG VALLEY MEDICAL CENTER,"Burgos St., Brgy. Madasigon, Molave, Zamboanga Del Sur",(062)225-1427/925-1741
"SALVE REGINA HOSPITAL, INC.","A2A Marcos Hi-Way, Dela Paz, Pasig City",645-3060; 477-4832; 645-3035 86617715
SAN ANTONIO LIFE CARE HOSPITAL,"NATIONAL HIGHWAY SAN ANTONIO SAN PASCUAL, BATANGAS",(043) 726-1729 / +639171542839
"SAN ANTONIO MEDICAL CENTER OF LIPA,INC.(FORMERLY SAN ANTONIO GENERAL HOSPITAL)","2 C.M. Recto Ave., Lipa City",(043) 756-2522
SAN CARLOS DOCTORS HOSPITAL,"NATIONAL HIGHWAY, SAN CARLOS CITY, NEGROS OCCIDENTAL",(034) 312-5609/5136
SAN FERNANDINO HOSPITAL INC.,"DOLORES, SAN FERNANDO, PAMPANGA",(045) 961-3377
"SAN ISIDRO HOSPITAL, INC.","119 QUEZON AVE. SAN ISIDRO, ANGONO, RIZAL",8633-6630/8781-8273/0969-568-4209
"SAN JOSE HOSPITAL AND MEDICAL CENTER, INC. (GMA, CAVITE)","Gov. Drive, Brgy. Maderan, General Mariano Alvarez, Cavite",(046) 542.0045 ; 0929.665-4803
"SAN JUAN DE DIOS EDUCATIONAL FOUNDATION, INC.","2772 Roxas Blvd., Pasay City",(02) 831-5641
"SAN LORENZO GENERAL HOSPITAL HEALTH MANAGEMENT CO., INC. (CALOOCAN)","SUSANO ROAD BRGY., 170, ZONE 5,DEPARO, CALOOCAN CITY",939.6042
"SAN LORENZO HOSPITAL HEALTH MANAGEMENT CO., INC.(QUEZON CITY)","Quirino Highway, Barangay Pasong Putik, Lagro, Novaliches, Quezon City",939-7054; 930-2195
SAN LUCAS MEDICAL,"Poblacion Ward 1, Minglanilla, Cebu",(032) 231-3898
SAN MATEO DOCTORS HOSPITAL,"Gen. Luna Ave., Guitnang Bayan I, San Mateo, Rizal",(02) 213-1137
SAN PABLO COLLEGES MEDICAL CENTER,"Brgy San Rafael, San Pablo, Laguna",(049) 562-0726-Admitting Dept. (049) 562. 0728-HMO Dept
SAN PABLO DOCTORS HOSPITAL,"55 A. MABINI STREET, SAN PABLO CITY, LAGUNA",(049) 562-0998 / 049-562-4069
SAN PASCUAL BAYLON MATERNITY AND GENERAL HOSPITAL,"Provincial Road, Sto. Niï¿½o, Paombong, Bulacan",(044) 665-2818/Fax No. (044) 760-0455
SAN PEDRO CALUNGSOD MEDICAL CENTER,"3141-C, KALAYAAN AVE., BRGY. MAGDALO, POTOL, KAWIT, CAVITE",8-519-4635; 0956-832-7277; 0947-106-9333
SAN PEDRO DOCTORS HOSPITAL,"Remedios Bldg., National Highway, Landayan, San Pedro, Laguna",(02) 868-1962 to 64 (manila Line)
"SAN PEDRO HOSPITAL OF DAVAO CITY, INC.","Guzman St, Poblacion District, Davao City, Davao del Sur 8000",(082) 222 6100; 221-4962
SANDIG MEDICAL CLINIC & HOSPITAL,"5 Ledesma St. Poblacion, Tacurong City, Sultan Kudarat",064-200.3201
SANTIAGO MEDICAL CITY,"Purok 7, National Highway, Rizal, Santiago City",078 353 9888
SANTISSIMA TRINIDAD HOSPITAL OF DAET,"Diversion Road, Barangay Camambugan, Daet, Camarines Norte 4600",(054)441-6822; 0939-9075257
SANTOS GENERAL HOSPITAL OF MALOLOS INC.,"F. Estrella St. Sto. Rosario, City of Malolos",(044) 791-0559/791-0665; Fax no.: (044) 791.4248
SARANGANI BAY SPECIALIST MEDICAL CENTER INC.,Makar Junction NAtional Highway Brgy . Apopong General Santos City,(083) 887-8888
SAVIOUR MEDICAL AND DENTAL COOPERATIVE (PAMANA MEDICAL CENTER),"NATIONAL ROAD, HALANG, CALAMBA CITY, LAGUNA",(049) 545-6858
SDS MEDICAL CENTER,"KATIPUNAN AVE., COR. PIO DEL CONCEPCION II, MARIKINA CITY",933-1405; 7078; 997-31-48 (OPD)
"SEÑOR STO. NIÑO HOSPITAL, INC.","P. Burgos St., Poblacion B, Camiling, Tarlac",(045) 934-0176
SILANG SPECIALISTS MEDICAL CENTER,"Aguinaldo Highway, San Vicente II, Silang, Cavite",(046) 4829999 / (02) 5795281
"SILLIMAN UNIVERSITY MEDICAL FOUNDATION,INC","V. ALDECOA SR. ROAD, DARO, DUMAGUETE CITY",(035) 225-08-41; 420-2000
SIMBULAN STO. NIÑO HOSPITAL,Sayre Highway Don Carlos Bukidnon,9177183482
SINILOAN PIONEER GENERAL HOSPITAL INC.,"L. De Leon St., Brgy. M. Acevida Siniloan, Laguna",(049)576-2989 ; 09228368444 ; 09190784526
SKYLINE HOSPITAL AND MEDICAL CENTER,"Skyline Drive, Tungko Mangga, San Del Monte, Bulacan",(02) 263-6700; 0977-830-3344; (044) 815-7770; (02) 7211 5245
SLU HOSPITAL OF THE SACRED HEART,"ASSUMPTION ROAD EXTENSION, BAGUIO CITY",(074) 442-3621/ 443-2000/ (074)442 5700
SNH BUSTOS CORPORATION (STO. NIÑO HOSPITAL BUSTOS CORP.),"Poblacion Bustos, Bulacan",(044) 766-2176; 903-0244; 761-8337/0923-6483370
SOCSARGEN COUNTY HOSPITAL,"BULA-LAGAO ROAD CORNER ARRADAZA STREET, GENERAL SANTOS CITY",(083) 553-8906
SOMOSO GENERAL HOSPITAL INC.,"Quezon Street, Brgy. Sto. Niño, Panabo City",(084)628-5263
SORILLA MEDICAL & MATERNITY CLINIC HOSPITAL,"National Highway, Sidsid, Tulunan, North Cotabato",0920-913.8703
"SOUTH BACOLOD GENERAL HOSPITAL & MEDICAL CENTER, INC.","Araneta Highway, Brgy. Pahanocoy, Bacolod City",034-467-9302;034-467-9307
SOUTH CITY HOSPITAL AND MEDICAL CENTER INC.,"115 Daang Hari Rd. Molino IV, Bacoor, Cavite",(02) 249-9100
SOUTH IMUS SPECIALIST HOSPITAL INC.,D.C  Ilano Blvd. Anabu 2-C Imus Cavite,(046)438-7745
SOUTH SUPERHIGHWAY MEDICAL CENTER - GATEWAY,"Gateway Business Park, Brgy. Javalera, General Trias, Cavite",(046)4330115
"SOUTHHILL MEDICAL SPECIALISTS, INC. (METRO SOUTH MEDICAL CENTER)","NATIONAL ROAD, MOLINO IV, 4102, BACOOR, CAVITE",(046) 230-9637/477-1743/477.3087 ; 09175314048
SOUTHWESTERN UNIVERSITY MEDICAL CENTER,"Southwestern University, Urgello Street, Sambag 2, Cebu City",(032) 418-8409 to 14
SPECIALISTS GROUP HOSPITAL & TRAUMA CENTER,"Tapuac District, Dagupan City","(075) 522-2254;515-8310, 09192328729"
"SPECIALISTS PRIMARY CARE OF ILANG, INC.","KM 17, Purok 19, Ilang, Bunawan District, Davao City, Davao Del Sur, Philippines",(082) 233-6974
SSMC GROUP OF HOSPITALS AND CLINICS INC. (SOUTH SUPERHIGHWAY MEDICAL CENTER),"KM. 17 WEST SERVICE RD. BRGY.MARCELO, PARAÑAQUE CITY",823.5250;2027;2357; 823 2357
SSMCHEALTH INC.,"ABUTIN BLDG. GEN. TRIAS DRIVE, ROSARIO, CAVITE (IN FRONT OF PETRON DEPO)",(046) 438.7125; 884-0817; 884-0818
ST. ANDREW HOSPITAL,"TUMAWAY, TALISAY, BATANGAS",(043)7730196 / 09985103905
ST. ANN MEDICAL HOSPITAL,"Sayre Highway, Poblacion, Quezon, Bukidnon",09177009685/ 09067653940
"ST. ANNE GENERAL HOSPITAL, INC.(ANDAMAN GENERAL HOSPITAL)","ANDAMAN CPD, RED-V, LUCENA CITY",(042) 710-3506
ST. ANTHONY COLLEGE HOSPITAL,"SAN ROQUE EXTENSION, ROXAS CITY, CAPIZ",(036) 621-6004
"ST. ANTHONY MEDICAL CENTER OF MARIKINA, INC.","32 Sta. Ana Ext. cor. Betelnut St., San Roque, Marikina City",682-3240; 647-8134; 6618452 loc 102
"ST. BERNARD INFIRMARY & MULTISPECIALTY CLINIC, INC.","Quarry Road, Brgy. Palangoy, Binangonan, Rizal",(02) 470-1521/ 0943-8116586; 0906-2853926
ST. CAMILLUS HOSPITAL,"Airport Road, Brgy. Trinidad, Calbayog City, Western Samar",(055) 209-3289; 209-1164
"ST. CAMILLUS HOSPITAL OF MATI FOUNDATION, INC.","P.O Box 4 Madang Central, Mati, Davao Oriental",(087)388-3682
ST. CAMILLUS MEDICAL CENTER,"116 E. Amang Rodriguez Ave., Pasig City",ER 682-0748 ; 645-3741 to 42 (trunkline)
ST. CATHERINE OF ALEXANDRIA FOUNDATION AND MEDICAL CENTER,"4163 RIZAL STREET EXTENSION, ANGELES CITY",(045) 888-7209; 322-2941
ST. CHRISTIANA HOSPITAL INC. ( FORMERLY ST. CHRISTIANA MATERNITY HOSPITAL),"3338 Magsaysay Ave., Karangalan Village, Manggahan Pasig City",682-8751
ST. CLARES MEDICAL CENTER,"1838 DIAN ST., PALANAN, MAKATI CITY",(02) 831-6511-14; ER LOC 127
ST. DOMINIC MEDICAL CENTER,"Gen. Aguinaldo Hi-way, Bacoor Cavite",(046) 417-2520 ; 2525 ; 2539 ; 417.4030
ST. ELIZABETH HOSPITAL GENSAN,National H-way Cor. Santiago Blvd. General Santos City,(083) 552-3162
ST. FRANCES CABRINI MEDICAL CENTER,"MAHARILIKA HI-WAY, POBLACION II, SANTO TOMAS, BATANGAS",(043) 778-4811 to 18
"ST. JAMES HOSPITAL- VQR FOUNDATION FOR MEDICAL AND COMMUNITY DEVELOPMENT, INC.","Pantay Daya, Vigan City, Ilocos Sur",(077) 722-2943-45
"ST. JAMES HOSPITAL, INC.","18 MARIQUITA PUEBLO DITA, STA. ROSA, LAGUNA",Manila Line : 0286652473; (049) 502 0058
ST. JOHN GENERAL HOSPITAL,"Buug, Zamboanga, Sibugay",(062) 344-8133
"ST. JOHN HOSPITAL INC., NAGA","Panganiban Drive, Naga City",(054)473-8919/473-8477
ST. JOHN PAUL II MEDICAL CENTER CORPORATION,Sitio Mandani Barangay San Antonio Magalang Pampanga,9190653238
"ST. JOHN THE BAPTIST MEDICAL CENTER, INC","Parian, Calamba, Laguna",(049) 545-7528;
ST. JOSEPH HOSPITAL OF REMEDIOS,"Gapan-Olongapo Road, Centro I, Brgy. Remedios, Lubao, Pampanga",(045) 404-0052
ST. JUDE FAMILY HOSPITAL INC.,"LOPEZ AVE., BATONG MALAKE, LOS BAÑOS, LAGUNA",(049) 536-1982; 1232
ST. JUDE THADDEUS GENERAL HOSPITAL,"Datu Maampalong St., Brgy. 6, Malaybalay City, Bukidnon",09688542007 / 09656033189
ST. LUKES MEDICAL CENTER,"279 E. RODRIGUEZ  SENIOR AVENUE, QUEZON CITY",(02) 723-0101
ST. LUKES MEDICAL CENTER - GLOBAL CITY,"RIZAL DRIVE CORNER 32ND STREET, 5TH AVENUE, TAGUIG CITY",789.77
ST. MARTIN MATERNITY & PEDIATRIC HOSPITAL,"SALCEDO II, NOVELETA, CAVITE",(046) 4381112
ST. MATTHEUS MEDICAL HOSPITAL,"60 GEN. LUNA ST., BANABA, SAN MATEO, RIZAL",948-5126; 942-0684 ; 407-4640 (OPD)
ST. MATTHIAS MEDICAL CENTER OF ISABELA INC.,"Zone 1, National Highway, Lalauanan , Tumauini , Isabela",0967-489-8980
ST. PATRICKS HOSPITAL MEDICAL CENTER,"LOPEZ JAENA STREET, BATANGAS CITY",(043)723-1605; 723-7089-92; (043)723-2745 (HMO Dept.)
ST. PAUL HOSPITAL (ILOILO),"GEN. LUNA STREET, ILOILO CITY",(033) 337-2741 to 49
"ST. PAUL HOSPITAL CAVITE, INC.","Burol II, Bagong Bayan, Dasmariñas City, Cavite",(046)481-8270-73/ 416.0595 ; (02) 843.0045
"ST. PAUL HOSPITAL OF BULACAN, INC.","#187 J.P Rizal St. Biñang 2nd Bocaue, Bulacan",(044) 794-1955/(044) 794-1892
"ST. PAUL HOSPITAL OF TUGUEGARAO, INC.","LUNO EXT., UGAC NORTE TUGUEGARAO CITY, CAGAYAN",(078) 844-2578; (078) 844-2512; 844-2520 local 109/120 (HMO); 0977-839-8119
ST. RAPHAEL FOUNDATION AND MEDICAL CENTER,"BRGY. CAMACHILE, MC ARTHUR HI-WAY, MABALACAT, PAMPANGA",(045) 892-2688/2374/(045) 331-1288
ST. SCHOLASTICAS HOSPITAL,"Brgy. Cababto-an, Pambujan, Northern Samar, Leyte","0909-1750824, 0955-6621753"
ST. THERESE DE LIMA MEDICAL HOSPITAL,"J. Sumulong Ave., Bagumbayan, Teresa Rizal",400-5193/09163635066
ST. THERESE HOSPITAL,"Layawan Oroquieta City, 7207 Misamis Occidental",(088) 531.1274
ST. VICTORIA HOSPITAL,"444 J.P. RIZAL ST., MARIKINA CITY",(02) 942-2022; 941-5081
ST. VINCENT GENERAL HOSPITAL,NO. 210-D R. Landon St. Sambag 1 Cebu City 6000,(032) 505-3982; 238-0000; 238-6870
STA. CECILIA MEDICAL CENTER,"National Road, Palanginan, Iba, Zambales",(047) 811-3317 ; (0908)8628918
STA. CRUZ MULTISPECIALTY HOSPITAL (STA.CRUZ HOSPITAL),"G. DEL PILAR ST, POBLACION, CALUMPIT, BULACAN",(044)202-4263
STA. MARIA MEDICAL CENTER INC.,"National Road cor Sitio Bato Brgy. Guyong, Sta. Maria Bulacan",09162988559 ; 09542614645
STA. MARIA VILLAGE HOSPITAL,"Blk. 4 Sta. Maria Village, Calapan City, Oriental Mindoro",043-288.4499; 288.8342
STA. ROSA HOSPITAL & MEDICAL CENTER,"RSBS BLVD., SAN LORENZO SOUTH BRGY.,BALIBAGO, STA.ROSA CITY, LAGUNA","(049) 508-2614,508-2715,508-2752,508-2705 to 26,(02) 584-4899,584-4913,584-4903"
STS. PETER & PAUL HOSPITAL,"612 ALEGRE ST., BALOGO, SORSOGON 4700",(056)211-0072/255-0402; 211 3979; 421-5938 (Billing)
SUERO GENERAL HOSPITAL,"Mla. North Rd. Baclig, Cabugao, Ilocos Sur",(077) 7285295 / 09171597308
SULTAN KUDARAT DOCTORS HOSPITAL,"# 25 National Highway, Tacurong, Sultan Kudarat",(064) 200-3012; 200-3010
SUNGA HOSPITAL,"Rizal Avenue, Digos City, Davao Del Sur",(082) 553-0016
"SURIGAO DOCTORS HOSPITAL, INC","SITIO KINABUTAN, BRGY. RIZAL, SURIGAO CITY, SURIGAO DEL NORTE",086-310-96-09/ 086-827-51-77
TAAL POLYMEDIC HOSPITAL AND MEDICAL CENTER,"Diversion Rd., Brgy. Carsuche, Taal Batangas",(043) 740-6283
TACLOBAN DOCTORS MEDICAL CENTER,"Cong. Artemio Mate Ave., Abucay, Tacloban City",(053) 321-1708 ; 0927-5548125
"TAGAYTAY MEDICAL CENTER INC. (FORMERLY UNIHEALTH - TAGAYTAY HOSPITAL AND MEDICAL CENTER, INC.)","Emilio Aginaldo Hi-way, Silang Crossing East, Tagytay City",(046) 483 0134-38
"TAGBILARAN COMMUNITY HOSPITAL, CORP.","49 M. PARRAS ST., TAGBILARAN CITY, BOHOL",(038) 411-3324 ; (038) 235-4689 ; (038) 501-7410;(038) 4112886
"TAGOLOAN POLYMEDIC GENERAL HOSPITAL, INC","PHVIDEC Industrial Estate, Tagoloan,Misamis Oriental",(088) 890-3072
TAGUM DOCTORS HOSPITAL,"HIGHWAY 54, RABE SUBD., VISAYAN VILLAGE, TAGUM CITY, DAVAO DEL NORTE",(084)655.6747; 218-2309; 218-3122; 0846566747
TALON GENERAL HOSPITAL,"F. TAÑEDO ST., TARLAC CITY, TARLAC",(045) 982-3889; 982-1400 (Trunkline)
"TANAUAN MEDICAL CENTER, INC. (FORMERLY C.P. REYES HOSPITAL)","A. MABINI AVENUE, TANAUAN CITY, BATANGAS",(043) 784-5402-06 (trunkline); 778-1119; 778-1364; 405-0035 (Telefax)
TANAY GENERAL HOSPITAL,"Tanay, Rizal",654-1049
"TANCHULING GENERAL HOSPITAL, INC.","Imperial Court Subdivision, Legazpi City, Albay",(052)480-6302 (Bayantel) /052-820-2913/091758812913/09989756554
TANZA DOCTORS HOSPITAL INC.,"A. Soriano Highway Brgy. Sahud Ulan Tanza, Cavite",046 888-9588
TANZA FAMILY GENERAL HOSPITAL & PHARMACY,"Antero Soriano Highway cor. NIA Road, Daang Amaya 2, Tanza, Cavite",(046)437-7244/ 505-1285
TANZA SPECIALISTS MEDICAL CENTER INC.,"BRGY. DAANG AMAYA III TANZA, CAVITE",(046) 434-7777 LOC. 143
TARLAC MEDICAL CENTER,"769 8th., TDMC Hospital Drive Fairlane Subd., San Vicente Tarlac City",(045)809-0050/0917712-5395
"TAYABAS COMMUNITY HOSPITAL, INC.","National Rd., Brgy. Wakas, Tayabas City, Quezon",(042) 793-2216
"TAYTAY DOCTORS MULTISPECIALTY HOSPITAL, INC.","6 Rizal Ave., San Isidro, Taytay Rizal",706.7101 to 03; 661-6708;8539-2222 loc.111
TAYTAY MATERNITY AND CHILD CARE CENTER,"Rizal Ave. cor. Isagani St., Taytay, Rizal",(02) 570-5284
TAYUG FAMILY HOSPITAL,"Brgy. Barangobong, Tayug, Pangasinan",(075)572-2960;09988609177 ; 0908-8141346
"THE BLACK NAZARENE HOSPITAL, INC.","#29 Brgy. 2, Bonoan St., San Nicolas, Ilocos Norte",(077) 773.1757
"THE FIRST FILIPINO SAINT HOSPITAL, SAN LORENZO RUIZ","GOVERNORS DRIVE NAIC, CAVITE",(046) 412-1411/412-1763 (046)6863249
THE HEALTH CENTRUM HOSPITAL,"Teodorica Avenue, Banica Roxas City",(036)621.9088/620.1023 (036) 621-0023
THE MEDICAL CITY,"MERALCO COMP. MERALCO AVE., ORTIGAS AVE., PASIG CITY",(02)635-6789; 988-7000; 988-1000/D.L. 633-6826/631-6961 // 634-7183 direct line
"THE MEDICAL CITY - ILOILO (FORMERLY GREAT SAVIOUR INTERNATIONAL HOSPITAL, INC.)","LOCSIN ST., BRGY. TAP-OC, MOLO, ILOILO CITY",(033) 338-1505-13; (033)500-1000
THE MEDICAL CITY CLARK INC.,#100 Gatwick gateway sabah alhamad industrial estate 5 Clark Global City Freeport Zone,(045)300-8888; 598-4000/  0455984000 loc 0008 / 09190695536
"THE MEDICAL CITY PANGASINAN (FORMERLY UNIVERSITY OF PANGASINAN MEDICAL CENTER, INC.)","NABLE ST., DAGUPAN CITY",(075) 6152273; 522-2255
THE MEDICAL CITY SOUTH LUZON (FORMERLY SOUTHERN LUZON HOSPITAL AND MEDICAL CENTER),"United Blvd., Sta. Rosa Business Park, Sta. Rosa City, Laguna",ER (049) 541-31-43 ; (049) 544-0120 ; (049) 544-0130 loc 106 (Billing) 09451977059  / 09994441465 (hmo)
THE PARAMOUNT MEDICAL CENTER,"President Jose P. Laurel, Bugtong na Pulo, Lipa City Batangas",043-311-1856
THE PREMIER MEDICAL CENTER,"Lot 2 AMVEL Business Park, Dr. A. Santos Ave., Brgy. San Dionisio, Paraï¿½aque City",865-2200 ; 09177046197(HMO)
"TIGLAO MEDICAL CENTER FOUNDATION, INC.","10 San Joaquin, Mabalacat, Pampanga",045-331.7700; (045)331-8800; 0922-800.6087
TIWI DOCTORS HOSPITAL,"Purok Santol Nagas, Tiwi Albay",9683597893
TOBIAS FELICIANO FAITH GENERAL HOSPITAL INC.(FORMERLY FAITH HOSPITAL),"Las Aguadas, Ozamiz City, Misamis Occidental",(088) 586-0548/ Sun: 09420670382 Globe:  09956318755
TOMBOC-SALAYOG HOSPITAL,"Purok Waya-Waya Brgy. San Emmanuel, Tacurong City, Sultan Kudarat",(064)200-6057 & 200-6777
TRICITY MEDICAL CENTER INC.,"269 C. Raymundo Ave., Maybunga, Pasig City",275-9747;275-9742; 275-9752
TUCAY MULTI-SPECIALTY HOSPITAL,"SR8 Bldg. Mac Arthur Highway, Maligaya Tarlac",0925-488-6015; (045) 491-3103
"ULTICARE MEDICAL CENTER, INC.","02 National Highway Barrio Barretto, Olongapo City Zambales",(047) 602-6200
UNIHEALTH PARAÑAQUE HOSPITAL AND MEDICAL CENTER,"Dr. A. Santos Ave., San Isidro, Sucat, Parañaque City",0917-8381734; 832-0642
UNIHEALTH QUEZON HOSPITAL AND MEDICAL CENTER,"LOT 957 - E & 964, MAHARLIKA HIGHWAY BRGY ISABANG TAYABAS CITY",(042) 421 7713
UNIHEALTH SOUTHWOODS HOSPITAL AND MEDICAL CENTER,"Lot 3 Blk. 11, Southwoods Ecocentrum Business Park, Brgy. San Francisco, Biñan, Laguna",02 8898 9700
UNITED CANDELARIA DOCTORS HOSPITAL,"Maharlika Highway, Brgy., Mangilag Sur Candelaria, Quezon",(042) 585-2109/ 585-2116 or 2112 (admitting)
UNITED DAVAO SPECIALISTS HOSPITAL AND MEDICAL CENTER INC.,"Km. 4 Gen. Douglas MacArthur highway, Barangay Ma-a Talomo, Davao City",+63 82 315 8075 ; 09171166471
UNITED DOCTORS MEDICAL CENTER,"ESPAï¿½A ROTONDA CORNER #6 N. RAMIREZ ST., QUEZON CITY",(02) 731-5870/ 871-8088/ 09223142814
UNITED DOCTORS OF ST. CAMILLUS DE LELLIS HOSPITAL,"Diversion Road, Brgy. Bolbok, Batangas City",(043) 740-3087
UNITED DOCTORS OF ST. CAMILLUS DE LELLIS MABINI GENERAL HOSPITAL,Pulong Niogan Mabini Batangas,(043) 403-8609
"UNITED IMUS DOCTORS, INC. (OUR LADY OF THE PILLAR MEDICAL CENTER)","TAMSUI AVE., BAYAN LUMA, IMUS, CAVITE",(046) 472-3773; (046) 472-3191 ; (02) 519-4165/(02) 519-4175/(02) 519-4186
"UNIVERSIDAD DE STA. ISABEL DE NAGA, INC. (FORMERLY MOTHER SETON HOSPITAL)","ROXAS AVENUE, (DIVERSION ROAD) NAGA CITY",(054) 472-4025/472-4027 TO 30; 811-8060
UNIVERSITY OF CEBU MEDICAL CENTER INC.,"Ouano Avenue, Subangdaku, Mandaue City, Cebu",(032)517-0888
UNIVERSITY OF PERPETUAL HELP DALTA MEDICAL CENTER,"Alabang-Zapote Avenue, Pamplona 3, Las Piñas City, 1740 Metro Manila",(02) 874-8515 (trunkline); 874-2582
UNIVERSITY OF SANTO TOMAS HOSPITAL,"ESPAÑA BLVD., SAMPALOC, METRO MANILA",(02) 8737 3001
"UNIVERSITY OF SANTO TOMAS-LEGAZPI INC.( FORMERLY AQUINAS UNIVERSITY HOSPITAL FOUNDATION, INC.)","Capt. Aquende Drive, Legazpi City 4500",CnC: (052) 481-4420; 480-7755/09177064864; 09176263465
UNIVERSITY OF THE EAST NEUROSURGERY ALUMNI ASSOCIATION,"Suite 324 UERM Memorial Hospital, 64 Aurora Blvd., Doña Imelda, Quezon City",8-715-0861; 8-716-1852
UNIVERSITY OF THE EAST RAMON MAGSAYSAY MEMORIAL MEDICAL CENTER,"#64 aurora blvd dona imelda, quezon city",8715 0861 loc 215/334
"UPH-DR. JOSE G. TAMAYO MEDICAL UNIVERSITY, INC. (FORMERLY PERPETUAL HELP MEDICAL CENTER OF LAGUNA)","Sto. Niï¿½o, Biï¿½an, Laguna",(02) 8779 5310/09156624611
URDANETA SACRED HEART HOSPITAL,"Mc Arthur Highway, San Vicente St., Urdaneta City, Pangasinan",(075)656-2296 to 98; 568-2294 to 96
"UROLOGY CENTER OF THE PHILIPPINES, INC.","62 Maginoo St., Diliman, Quezon City",990.3035; 990.3031 ; 4352617 to 19
V.L. MAKABALI MEMORIAL HOSPITAL INC,"B. MENDOZA STREET, SAN FERNANDO CITY, PAMPANGA","(045) 961-2442, 961-2234, 961-2616, 961-2284, 860-1887"
VALENZUELA CITICARE MEDICAL CENTER,"Km. 14 Mc Arthur hi-way, Malinta, Valenzuela City",860-9300 loc 9344
VICENTE GULLAS HOSPITAL,"BANILAD, MANDAUE CITY, CEBU",(032) 346-9292
VILLANUEVA TANCHULING MATERNITY AND GENERAL HOSPITAL INC.,"HIGHWAY 1, SAN JOSE, IRIGA CITY",(054) 299-2122
VILLAROSA HOSPITAL,"#11 Salalilla St. Project 4, Quezon City",8774-1609
"VISAYAS MED-CEBU (FORMERLY: VISAYAS COMMUNITY MEDICAL CENTER, INC.)","F. RAMOS STREET, OSMENA BLVD., CEBU CITY",(032) 2533848; 253-1901-08
WESLEYAN UNIVERSITY - PHILIPPINES (WESLEYAN UNIVERSITY MEDICAL CENTER),"Tandang Sora St., Cabanatuan City",(044) 463-4735/ 463-6628
WEST METRO MEDICAL CENTER (FORMERLY WESTERN MINDANAO MEDICAL CENTER),"Veterans Ave. Extension, Zamboanga City",(062) 9931094; 991-2506
WESTLAKE MEDICAL CENTER,"National Highway, Pacita Complex, Barangay Nueva, San Pedro, Laguna",553-8185/(02) 403-8814
WORLD CITI MEDICAL CENTER (FORMERLY QCMC),"960 AURORA BLVD., QUEZON CITY",(02) 9138380 ; Billing loc. 174 ; 913-8385; 913-8392 ; 913-8389
YGEIA MEDICAL CENTER,"2081 President Quirino Ave., Pandacan, Manila 1011",562-7464 to 65
YR ST. MICHAEL MEDICAL HOSPITAL INC. (ST. MICHAEL MEDICAL HOSPITAL),"#220 MOLINO II, BACOOR, CAVITE",(046) 477-1707- /477.1757
ZAFRA MEDICAL CLINIC AND HOSPITAL,"1055 National Highway Gredu, Panabo City",(084) 628-6140/ 309-0213
ZAMBOANGA DOCTORS HOSPITAL,"Veterans Avenue, Zamboanga City",(062) 992-1776/991-1929
ZAMBOANGA PENINSULA MEDICAL CENTER INC.,"MCLL Highway, Brgy. Putik, Zamboanga City",(062) 955 4583
ZONE MEDICAL INTERVENTION HOSPITAL,"Diversion Rd., Binacagan, Ligao City",0915-698-5788; ADMITTING: 0906-6535187 ACCOUNTING: 09388702165
